id,kode_provinsi,nama_provinsi,kode_kabupaten_kota,nama_kabupaten_kota,jenis_kelamin,kategori_pendidikan,jumlah,satuan,tahun
32012018,32,JAWA BARAT,3201,KABUPATEN BOGOR,LAKI-LAKI,NA,0,KORBAN,2018
32012018,32,JAWA BARAT,3201,KABUPATEN BOGOR,LAKI-LAKI,"TIDAK 
SEKOLAH",0,KORBAN,2018
32012018,32,JAWA BARAT,3201,KABUPATEN BOGOR,LAKI-LAKI,SD,0,KORBAN,2018
32012018,32,JAWA BARAT,3201,KABUPATEN BOGOR,LAKI-LAKI,SLTP,0,KORBAN,2018
32012018,32,JAWA BARAT,3201,KABUPATEN BOGOR,LAKI-LAKI,SLTA,0,KORBAN,2018
32012018,32,JAWA BARAT,3201,KABUPATEN BOGOR,LAKI-LAKI,"PERGURUAN 
TINGGI",0,KORBAN,2018
32012018,32,JAWA BARAT,3201,KABUPATEN BOGOR,LAKI-LAKI,TK,0,KORBAN,2018
32012018,32,JAWA BARAT,3201,KABUPATEN BOGOR,LAKI-LAKI,PAUD,0,KORBAN,2018
32012018,32,JAWA BARAT,3201,KABUPATEN BOGOR,PEREMPUAN,NA,0,KORBAN,2018
32012018,32,JAWA BARAT,3201,KABUPATEN BOGOR,PEREMPUAN,"TIDAK 
SEKOLAH",0,KORBAN,2018
32012018,32,JAWA BARAT,3201,KABUPATEN BOGOR,PEREMPUAN,SD,0,KORBAN,2018
32012018,32,JAWA BARAT,3201,KABUPATEN BOGOR,PEREMPUAN,SLTP,1,KORBAN,2018
32012018,32,JAWA BARAT,3201,KABUPATEN BOGOR,PEREMPUAN,SLTA,0,KORBAN,2018
32012018,32,JAWA BARAT,3201,KABUPATEN BOGOR,PEREMPUAN,"PERGURUAN 
TINGGI",1,KORBAN,2018
32012018,32,JAWA BARAT,3201,KABUPATEN BOGOR,PEREMPUAN,TK,0,KORBAN,2018
32012018,32,JAWA BARAT,3201,KABUPATEN BOGOR,PEREMPUAN,PAUD,0,KORBAN,2018
32022018,32,JAWA BARAT,3202,KABUPATEN SUKABUMI,LAKI-LAKI,NA,0,KORBAN,2018
32022018,32,JAWA BARAT,3202,KABUPATEN SUKABUMI,LAKI-LAKI,"TIDAK 
SEKOLAH",0,KORBAN,2018
32022018,32,JAWA BARAT,3202,KABUPATEN SUKABUMI,LAKI-LAKI,SD,3,KORBAN,2018
32022018,32,JAWA BARAT,3202,KABUPATEN SUKABUMI,LAKI-LAKI,SLTP,0,KORBAN,2018
32022018,32,JAWA BARAT,3202,KABUPATEN SUKABUMI,LAKI-LAKI,SLTA,2,KORBAN,2018
32022018,32,JAWA BARAT,3202,KABUPATEN SUKABUMI,LAKI-LAKI,"PERGURUAN 
TINGGI",0,KORBAN,2018
32022018,32,JAWA BARAT,3202,KABUPATEN SUKABUMI,LAKI-LAKI,TK,0,KORBAN,2018
32022018,32,JAWA BARAT,3202,KABUPATEN SUKABUMI,LAKI-LAKI,PAUD,0,KORBAN,2018
32022018,32,JAWA BARAT,3202,KABUPATEN SUKABUMI,PEREMPUAN,NA,0,KORBAN,2018
32022018,32,JAWA BARAT,3202,KABUPATEN SUKABUMI,PEREMPUAN,"TIDAK 
SEKOLAH",0,KORBAN,2018
32022018,32,JAWA BARAT,3202,KABUPATEN SUKABUMI,PEREMPUAN,SD,12,KORBAN,2018
32022018,32,JAWA BARAT,3202,KABUPATEN SUKABUMI,PEREMPUAN,SLTP,7,KORBAN,2018
32022018,32,JAWA BARAT,3202,KABUPATEN SUKABUMI,PEREMPUAN,SLTA,8,KORBAN,2018
32022018,32,JAWA BARAT,3202,KABUPATEN SUKABUMI,PEREMPUAN,"PERGURUAN 
TINGGI",2,KORBAN,2018
32022018,32,JAWA BARAT,3202,KABUPATEN SUKABUMI,PEREMPUAN,TK,0,KORBAN,2018
32022018,32,JAWA BARAT,3202,KABUPATEN SUKABUMI,PEREMPUAN,PAUD,0,KORBAN,2018
32032018,32,JAWA BARAT,3203,KABUPATEN CIANJUR,LAKI-LAKI,NA,0,KORBAN,2018
32032018,32,JAWA BARAT,3203,KABUPATEN CIANJUR,LAKI-LAKI,"TIDAK 
SEKOLAH",0,KORBAN,2018
32032018,32,JAWA BARAT,3203,KABUPATEN CIANJUR,LAKI-LAKI,SD,3,KORBAN,2018
32032018,32,JAWA BARAT,3203,KABUPATEN CIANJUR,LAKI-LAKI,SLTP,0,KORBAN,2018
32032018,32,JAWA BARAT,3203,KABUPATEN CIANJUR,LAKI-LAKI,SLTA,0,KORBAN,2018
32032018,32,JAWA BARAT,3203,KABUPATEN CIANJUR,LAKI-LAKI,"PERGURUAN 
TINGGI",1,KORBAN,2018
32032018,32,JAWA BARAT,3203,KABUPATEN CIANJUR,LAKI-LAKI,TK,0,KORBAN,2018
32032018,32,JAWA BARAT,3203,KABUPATEN CIANJUR,LAKI-LAKI,PAUD,0,KORBAN,2018
32032018,32,JAWA BARAT,3203,KABUPATEN CIANJUR,PEREMPUAN,NA,0,KORBAN,2018
32032018,32,JAWA BARAT,3203,KABUPATEN CIANJUR,PEREMPUAN,"TIDAK 
SEKOLAH",0,KORBAN,2018
32032018,32,JAWA BARAT,3203,KABUPATEN CIANJUR,PEREMPUAN,SD,0,KORBAN,2018
32032018,32,JAWA BARAT,3203,KABUPATEN CIANJUR,PEREMPUAN,SLTP,0,KORBAN,2018
32032018,32,JAWA BARAT,3203,KABUPATEN CIANJUR,PEREMPUAN,SLTA,0,KORBAN,2018
32032018,32,JAWA BARAT,3203,KABUPATEN CIANJUR,PEREMPUAN,"PERGURUAN 
TINGGI",0,KORBAN,2018
32032018,32,JAWA BARAT,3203,KABUPATEN CIANJUR,PEREMPUAN,TK,0,KORBAN,2018
32032018,32,JAWA BARAT,3203,KABUPATEN CIANJUR,PEREMPUAN,PAUD,0,KORBAN,2018
32042018,32,JAWA BARAT,3204,KABUPATEN BANDUNG,LAKI-LAKI,NA,0,KORBAN,2018
32042018,32,JAWA BARAT,3204,KABUPATEN BANDUNG,LAKI-LAKI,"TIDAK 
SEKOLAH",0,KORBAN,2018
32042018,32,JAWA BARAT,3204,KABUPATEN BANDUNG,LAKI-LAKI,SD,3,KORBAN,2018
32042018,32,JAWA BARAT,3204,KABUPATEN BANDUNG,LAKI-LAKI,SLTP,5,KORBAN,2018
32042018,32,JAWA BARAT,3204,KABUPATEN BANDUNG,LAKI-LAKI,SLTA,2,KORBAN,2018
32042018,32,JAWA BARAT,3204,KABUPATEN BANDUNG,LAKI-LAKI,"PERGURUAN 
TINGGI",0,KORBAN,2018
32042018,32,JAWA BARAT,3204,KABUPATEN BANDUNG,LAKI-LAKI,TK,0,KORBAN,2018
32042018,32,JAWA BARAT,3204,KABUPATEN BANDUNG,LAKI-LAKI,PAUD,0,KORBAN,2018
32042018,32,JAWA BARAT,3204,KABUPATEN BANDUNG,PEREMPUAN,"TIDAK 
SEKOLAH",5,KORBAN,2018
32042018,32,JAWA BARAT,3204,KABUPATEN BANDUNG,PEREMPUAN,SD,17,KORBAN,2018
32042018,32,JAWA BARAT,3204,KABUPATEN BANDUNG,PEREMPUAN,SLTP,12,KORBAN,2018
32042018,32,JAWA BARAT,3204,KABUPATEN BANDUNG,PEREMPUAN,SLTA,6,KORBAN,2018
32042018,32,JAWA BARAT,3204,KABUPATEN BANDUNG,PEREMPUAN,"PERGURUAN 
TINGGI",1,KORBAN,2018
32042018,32,JAWA BARAT,3204,KABUPATEN BANDUNG,PEREMPUAN,TK,0,KORBAN,2018
32042018,32,JAWA BARAT,3204,KABUPATEN BANDUNG,PEREMPUAN,PAUD,0,KORBAN,2018
32042018,32,JAWA BARAT,3204,KABUPATEN BANDUNG,PEREMPUAN,NA,1,KORBAN,2018
32052018,32,JAWA BARAT,3205,KABUPATEN GARUT,LAKI-LAKI,NA,1,KORBAN,2018
32052018,32,JAWA BARAT,3205,KABUPATEN GARUT,LAKI-LAKI,"TIDAK 
SEKOLAH",1,KORBAN,2018
32052018,32,JAWA BARAT,3205,KABUPATEN GARUT,LAKI-LAKI,SD,0,KORBAN,2018
32052018,32,JAWA BARAT,3205,KABUPATEN GARUT,LAKI-LAKI,SLTP,0,KORBAN,2018
32052018,32,JAWA BARAT,3205,KABUPATEN GARUT,LAKI-LAKI,SLTA,0,KORBAN,2018
32052018,32,JAWA BARAT,3205,KABUPATEN GARUT,LAKI-LAKI,"PERGURUAN 
TINGGI",0,KORBAN,2018
32052018,32,JAWA BARAT,3205,KABUPATEN GARUT,LAKI-LAKI,TK,0,KORBAN,2018
32052018,32,JAWA BARAT,3205,KABUPATEN GARUT,LAKI-LAKI,PAUD,0,KORBAN,2018
32052018,32,JAWA BARAT,3205,KABUPATEN GARUT,PEREMPUAN,NA,0,KORBAN,2018
32052018,32,JAWA BARAT,3205,KABUPATEN GARUT,PEREMPUAN,"TIDAK 
SEKOLAH",0,KORBAN,2018
32052018,32,JAWA BARAT,3205,KABUPATEN GARUT,PEREMPUAN,SD,2,KORBAN,2018
32052018,32,JAWA BARAT,3205,KABUPATEN GARUT,PEREMPUAN,SLTP,0,KORBAN,2018
32052018,32,JAWA BARAT,3205,KABUPATEN GARUT,PEREMPUAN,SLTA,0,KORBAN,2018
32052018,32,JAWA BARAT,3205,KABUPATEN GARUT,PEREMPUAN,"PERGURUAN 
TINGGI",0,KORBAN,2018
32052018,32,JAWA BARAT,3205,KABUPATEN GARUT,PEREMPUAN,TK,0,KORBAN,2018
32052018,32,JAWA BARAT,3205,KABUPATEN GARUT,PEREMPUAN,PAUD,0,KORBAN,2018
32062018,32,JAWA BARAT,3206,KABUPATEN TASIKMALAYA,LAKI-LAKI,NA,1,KORBAN,2018
32062018,32,JAWA BARAT,3206,KABUPATEN TASIKMALAYA,LAKI-LAKI,"TIDAK 
SEKOLAH",2,KORBAN,2018
32062018,32,JAWA BARAT,3206,KABUPATEN TASIKMALAYA,LAKI-LAKI,SD,1,KORBAN,2018
32062018,32,JAWA BARAT,3206,KABUPATEN TASIKMALAYA,LAKI-LAKI,SLTP,0,KORBAN,2018
32062018,32,JAWA BARAT,3206,KABUPATEN TASIKMALAYA,LAKI-LAKI,SLTA,0,KORBAN,2018
32062018,32,JAWA BARAT,3206,KABUPATEN TASIKMALAYA,LAKI-LAKI,"PERGURUAN 
TINGGI",0,KORBAN,2018
32062018,32,JAWA BARAT,3206,KABUPATEN TASIKMALAYA,LAKI-LAKI,TK,0,KORBAN,2018
32062018,32,JAWA BARAT,3206,KABUPATEN TASIKMALAYA,LAKI-LAKI,PAUD,0,KORBAN,2018
32062018,32,JAWA BARAT,3206,KABUPATEN TASIKMALAYA,PEREMPUAN,NA,13,KORBAN,2018
32062018,32,JAWA BARAT,3206,KABUPATEN TASIKMALAYA,PEREMPUAN,"TIDAK 
SEKOLAH",1,KORBAN,2018
32062018,32,JAWA BARAT,3206,KABUPATEN TASIKMALAYA,PEREMPUAN,SD,1,KORBAN,2018
32062018,32,JAWA BARAT,3206,KABUPATEN TASIKMALAYA,PEREMPUAN,SLTP,2,KORBAN,2018
32062018,32,JAWA BARAT,3206,KABUPATEN TASIKMALAYA,PEREMPUAN,SLTA,0,KORBAN,2018
32062018,32,JAWA BARAT,3206,KABUPATEN TASIKMALAYA,PEREMPUAN,"PERGURUAN 
TINGGI",1,KORBAN,2018
32062018,32,JAWA BARAT,3206,KABUPATEN TASIKMALAYA,PEREMPUAN,TK,1,KORBAN,2018
32062018,32,JAWA BARAT,3206,KABUPATEN TASIKMALAYA,PEREMPUAN,PAUD,0,KORBAN,2018
32072018,32,JAWA BARAT,3207,KABUPATEN CIAMIS,LAKI-LAKI,NA,0,KORBAN,2018
32072018,32,JAWA BARAT,3207,KABUPATEN CIAMIS,LAKI-LAKI,"TIDAK 
SEKOLAH",0,KORBAN,2018
32072018,32,JAWA BARAT,3207,KABUPATEN CIAMIS,LAKI-LAKI,SD,0,KORBAN,2018
32072018,32,JAWA BARAT,3207,KABUPATEN CIAMIS,LAKI-LAKI,SLTP,0,KORBAN,2018
32072018,32,JAWA BARAT,3207,KABUPATEN CIAMIS,LAKI-LAKI,SLTA,0,KORBAN,2018
32072018,32,JAWA BARAT,3207,KABUPATEN CIAMIS,LAKI-LAKI,"PERGURUAN 
TINGGI",0,KORBAN,2018
32072018,32,JAWA BARAT,3207,KABUPATEN CIAMIS,LAKI-LAKI,TK,0,KORBAN,2018
32072018,32,JAWA BARAT,3207,KABUPATEN CIAMIS,LAKI-LAKI,PAUD,0,KORBAN,2018
32072018,32,JAWA BARAT,3207,KABUPATEN CIAMIS,PEREMPUAN,NA,1,KORBAN,2018
32072018,32,JAWA BARAT,3207,KABUPATEN CIAMIS,PEREMPUAN,"TIDAK 
SEKOLAH",0,KORBAN,2018
32072018,32,JAWA BARAT,3207,KABUPATEN CIAMIS,PEREMPUAN,SD,0,KORBAN,2018
32072018,32,JAWA BARAT,3207,KABUPATEN CIAMIS,PEREMPUAN,SLTP,0,KORBAN,2018
32072018,32,JAWA BARAT,3207,KABUPATEN CIAMIS,PEREMPUAN,SLTA,4,KORBAN,2018
32072018,32,JAWA BARAT,3207,KABUPATEN CIAMIS,PEREMPUAN,"PERGURUAN 
TINGGI",0,KORBAN,2018
32072018,32,JAWA BARAT,3207,KABUPATEN CIAMIS,PEREMPUAN,TK,0,KORBAN,2018
32072018,32,JAWA BARAT,3207,KABUPATEN CIAMIS,PEREMPUAN,PAUD,0,KORBAN,2018
32082018,32,JAWA BARAT,3208,KABUPATEN KUNINGAN,LAKI-LAKI,NA,0,KORBAN,2018
32082018,32,JAWA BARAT,3208,KABUPATEN KUNINGAN,LAKI-LAKI,"TIDAK 
SEKOLAH",0,KORBAN,2018
32082018,32,JAWA BARAT,3208,KABUPATEN KUNINGAN,LAKI-LAKI,SD,0,KORBAN,2018
32082018,32,JAWA BARAT,3208,KABUPATEN KUNINGAN,LAKI-LAKI,SLTP,5,KORBAN,2018
32082018,32,JAWA BARAT,3208,KABUPATEN KUNINGAN,LAKI-LAKI,SLTA,0,KORBAN,2018
32082018,32,JAWA BARAT,3208,KABUPATEN KUNINGAN,LAKI-LAKI,"PERGURUAN 
TINGGI",0,KORBAN,2018
32082018,32,JAWA BARAT,3208,KABUPATEN KUNINGAN,LAKI-LAKI,TK,0,KORBAN,2018
32082018,32,JAWA BARAT,3208,KABUPATEN KUNINGAN,LAKI-LAKI,PAUD,0,KORBAN,2018
32082018,32,JAWA BARAT,3208,KABUPATEN KUNINGAN,PEREMPUAN,NA,0,KORBAN,2018
32082018,32,JAWA BARAT,3208,KABUPATEN KUNINGAN,PEREMPUAN,"TIDAK 
SEKOLAH",1,KORBAN,2018
32082018,32,JAWA BARAT,3208,KABUPATEN KUNINGAN,PEREMPUAN,SD,6,KORBAN,2018
32082018,32,JAWA BARAT,3208,KABUPATEN KUNINGAN,PEREMPUAN,SLTP,3,KORBAN,2018
32082018,32,JAWA BARAT,3208,KABUPATEN KUNINGAN,PEREMPUAN,SLTA,1,KORBAN,2018
32082018,32,JAWA BARAT,3208,KABUPATEN KUNINGAN,PEREMPUAN,"PERGURUAN 
TINGGI",0,KORBAN,2018
32082018,32,JAWA BARAT,3208,KABUPATEN KUNINGAN,PEREMPUAN,TK,0,KORBAN,2018
32082018,32,JAWA BARAT,3208,KABUPATEN KUNINGAN,PEREMPUAN,PAUD,0,KORBAN,2018
32092018,32,JAWA BARAT,3209,KABUPATEN CIREBON,LAKI-LAKI,SLTP,1,KORBAN,2018
32092018,32,JAWA BARAT,3209,KABUPATEN CIREBON,LAKI-LAKI,SLTA,0,KORBAN,2018
32092018,32,JAWA BARAT,3209,KABUPATEN CIREBON,LAKI-LAKI,"PERGURUAN 
TINGGI",0,KORBAN,2018
32092018,32,JAWA BARAT,3209,KABUPATEN CIREBON,LAKI-LAKI,TK,0,KORBAN,2018
32092018,32,JAWA BARAT,3209,KABUPATEN CIREBON,LAKI-LAKI,PAUD,0,KORBAN,2018
32092018,32,JAWA BARAT,3209,KABUPATEN CIREBON,LAKI-LAKI,NA,0,KORBAN,2018
32092018,32,JAWA BARAT,3209,KABUPATEN CIREBON,LAKI-LAKI,"TIDAK 
SEKOLAH",1,KORBAN,2018
32092018,32,JAWA BARAT,3209,KABUPATEN CIREBON,LAKI-LAKI,SD,0,KORBAN,2018
32092018,32,JAWA BARAT,3209,KABUPATEN CIREBON,PEREMPUAN,NA,1,KORBAN,2018
32092018,32,JAWA BARAT,3209,KABUPATEN CIREBON,PEREMPUAN,"TIDAK 
SEKOLAH",0,KORBAN,2018
32092018,32,JAWA BARAT,3209,KABUPATEN CIREBON,PEREMPUAN,SD,5,KORBAN,2018
32092018,32,JAWA BARAT,3209,KABUPATEN CIREBON,PEREMPUAN,SLTP,6,KORBAN,2018
32092018,32,JAWA BARAT,3209,KABUPATEN CIREBON,PEREMPUAN,SLTA,2,KORBAN,2018
32092018,32,JAWA BARAT,3209,KABUPATEN CIREBON,PEREMPUAN,"PERGURUAN 
TINGGI",0,KORBAN,2018
32092018,32,JAWA BARAT,3209,KABUPATEN CIREBON,PEREMPUAN,TK,1,KORBAN,2018
32092018,32,JAWA BARAT,3209,KABUPATEN CIREBON,PEREMPUAN,PAUD,0,KORBAN,2018
32102018,32,JAWA BARAT,3210,KABUPATEN MAJALENGKA,LAKI-LAKI,NA,0,KORBAN,2018
32102018,32,JAWA BARAT,3210,KABUPATEN MAJALENGKA,LAKI-LAKI,"TIDAK 
SEKOLAH",0,KORBAN,2018
32102018,32,JAWA BARAT,3210,KABUPATEN MAJALENGKA,LAKI-LAKI,SD,0,KORBAN,2018
32102018,32,JAWA BARAT,3210,KABUPATEN MAJALENGKA,LAKI-LAKI,SLTP,2,KORBAN,2018
32102018,32,JAWA BARAT,3210,KABUPATEN MAJALENGKA,LAKI-LAKI,SLTA,1,KORBAN,2018
32102018,32,JAWA BARAT,3210,KABUPATEN MAJALENGKA,LAKI-LAKI,"PERGURUAN 
TINGGI",0,KORBAN,2018
32102018,32,JAWA BARAT,3210,KABUPATEN MAJALENGKA,LAKI-LAKI,TK,0,KORBAN,2018
32102018,32,JAWA BARAT,3210,KABUPATEN MAJALENGKA,LAKI-LAKI,PAUD,0,KORBAN,2018
32102018,32,JAWA BARAT,3210,KABUPATEN MAJALENGKA,PEREMPUAN,NA,1,KORBAN,2018
32102018,32,JAWA BARAT,3210,KABUPATEN MAJALENGKA,PEREMPUAN,"TIDAK 
SEKOLAH",0,KORBAN,2018
32102018,32,JAWA BARAT,3210,KABUPATEN MAJALENGKA,PEREMPUAN,SD,0,KORBAN,2018
32102018,32,JAWA BARAT,3210,KABUPATEN MAJALENGKA,PEREMPUAN,SLTP,7,KORBAN,2018
32102018,32,JAWA BARAT,3210,KABUPATEN MAJALENGKA,PEREMPUAN,SLTA,1,KORBAN,2018
32102018,32,JAWA BARAT,3210,KABUPATEN MAJALENGKA,PEREMPUAN,"PERGURUAN 
TINGGI",0,KORBAN,2018
32102018,32,JAWA BARAT,3210,KABUPATEN MAJALENGKA,PEREMPUAN,TK,0,KORBAN,2018
32102018,32,JAWA BARAT,3210,KABUPATEN MAJALENGKA,PEREMPUAN,PAUD,0,KORBAN,2018
32112018,32,JAWA BARAT,3211,KABUPATEN SUMEDANG,LAKI-LAKI,NA,1,KORBAN,2018
32112018,32,JAWA BARAT,3211,KABUPATEN SUMEDANG,LAKI-LAKI,"TIDAK 
SEKOLAH",0,KORBAN,2018
32112018,32,JAWA BARAT,3211,KABUPATEN SUMEDANG,LAKI-LAKI,SD,1,KORBAN,2018
32112018,32,JAWA BARAT,3211,KABUPATEN SUMEDANG,LAKI-LAKI,SLTP,0,KORBAN,2018
32112018,32,JAWA BARAT,3211,KABUPATEN SUMEDANG,LAKI-LAKI,SLTA,0,KORBAN,2018
32112018,32,JAWA BARAT,3211,KABUPATEN SUMEDANG,LAKI-LAKI,"PERGURUAN 
TINGGI",0,KORBAN,2018
32112018,32,JAWA BARAT,3211,KABUPATEN SUMEDANG,LAKI-LAKI,TK,0,KORBAN,2018
32112018,32,JAWA BARAT,3211,KABUPATEN SUMEDANG,LAKI-LAKI,PAUD,0,KORBAN,2018
32112018,32,JAWA BARAT,3211,KABUPATEN SUMEDANG,PEREMPUAN,NA,9,KORBAN,2018
32112018,32,JAWA BARAT,3211,KABUPATEN SUMEDANG,PEREMPUAN,"TIDAK 
SEKOLAH",0,KORBAN,2018
32112018,32,JAWA BARAT,3211,KABUPATEN SUMEDANG,PEREMPUAN,SD,0,KORBAN,2018
32112018,32,JAWA BARAT,3211,KABUPATEN SUMEDANG,PEREMPUAN,SLTP,0,KORBAN,2018
32112018,32,JAWA BARAT,3211,KABUPATEN SUMEDANG,PEREMPUAN,SLTA,2,KORBAN,2018
32112018,32,JAWA BARAT,3211,KABUPATEN SUMEDANG,PEREMPUAN,"PERGURUAN 
TINGGI",1,KORBAN,2018
32112018,32,JAWA BARAT,3211,KABUPATEN SUMEDANG,PEREMPUAN,TK,0,KORBAN,2018
32112018,32,JAWA BARAT,3211,KABUPATEN SUMEDANG,PEREMPUAN,PAUD,0,KORBAN,2018
32122018,32,JAWA BARAT,3212,KABUPATEN INDRAMAYU,LAKI-LAKI,NA,0,KORBAN,2018
32122018,32,JAWA BARAT,3212,KABUPATEN INDRAMAYU,LAKI-LAKI,"TIDAK 
SEKOLAH",0,KORBAN,2018
32122018,32,JAWA BARAT,3212,KABUPATEN INDRAMAYU,LAKI-LAKI,SD,1,KORBAN,2018
32122018,32,JAWA BARAT,3212,KABUPATEN INDRAMAYU,LAKI-LAKI,SLTP,0,KORBAN,2018
32122018,32,JAWA BARAT,3212,KABUPATEN INDRAMAYU,LAKI-LAKI,SLTA,0,KORBAN,2018
32122018,32,JAWA BARAT,3212,KABUPATEN INDRAMAYU,LAKI-LAKI,"PERGURUAN 
TINGGI",0,KORBAN,2018
32122018,32,JAWA BARAT,3212,KABUPATEN INDRAMAYU,LAKI-LAKI,TK,0,KORBAN,2018
32122018,32,JAWA BARAT,3212,KABUPATEN INDRAMAYU,LAKI-LAKI,PAUD,0,KORBAN,2018
32122018,32,JAWA BARAT,3212,KABUPATEN INDRAMAYU,PEREMPUAN,NA,0,KORBAN,2018
32122018,32,JAWA BARAT,3212,KABUPATEN INDRAMAYU,PEREMPUAN,"TIDAK 
SEKOLAH",0,KORBAN,2018
32122018,32,JAWA BARAT,3212,KABUPATEN INDRAMAYU,PEREMPUAN,SD,1,KORBAN,2018
32122018,32,JAWA BARAT,3212,KABUPATEN INDRAMAYU,PEREMPUAN,SLTP,0,KORBAN,2018
32122018,32,JAWA BARAT,3212,KABUPATEN INDRAMAYU,PEREMPUAN,SLTA,2,KORBAN,2018
32122018,32,JAWA BARAT,3212,KABUPATEN INDRAMAYU,PEREMPUAN,"PERGURUAN 
TINGGI",0,KORBAN,2018
32122018,32,JAWA BARAT,3212,KABUPATEN INDRAMAYU,PEREMPUAN,TK,1,KORBAN,2018
32122018,32,JAWA BARAT,3212,KABUPATEN INDRAMAYU,PEREMPUAN,PAUD,0,KORBAN,2018
32132018,32,JAWA BARAT,3213,KABUPATEN SUBANG,LAKI-LAKI,NA,0,KORBAN,2018
32132018,32,JAWA BARAT,3213,KABUPATEN SUBANG,LAKI-LAKI,"TIDAK 
SEKOLAH",0,KORBAN,2018
32132018,32,JAWA BARAT,3213,KABUPATEN SUBANG,LAKI-LAKI,SD,4,KORBAN,2018
32132018,32,JAWA BARAT,3213,KABUPATEN SUBANG,LAKI-LAKI,SLTP,3,KORBAN,2018
32132018,32,JAWA BARAT,3213,KABUPATEN SUBANG,LAKI-LAKI,SLTA,2,KORBAN,2018
32132018,32,JAWA BARAT,3213,KABUPATEN SUBANG,LAKI-LAKI,"PERGURUAN 
TINGGI",0,KORBAN,2018
32132018,32,JAWA BARAT,3213,KABUPATEN SUBANG,LAKI-LAKI,TK,0,KORBAN,2018
32132018,32,JAWA BARAT,3213,KABUPATEN SUBANG,LAKI-LAKI,PAUD,0,KORBAN,2018
32132018,32,JAWA BARAT,3213,KABUPATEN SUBANG,PEREMPUAN,NA,0,KORBAN,2018
32132018,32,JAWA BARAT,3213,KABUPATEN SUBANG,PEREMPUAN,"TIDAK 
SEKOLAH",0,KORBAN,2018
32132018,32,JAWA BARAT,3213,KABUPATEN SUBANG,PEREMPUAN,SD,7,KORBAN,2018
32132018,32,JAWA BARAT,3213,KABUPATEN SUBANG,PEREMPUAN,SLTP,11,KORBAN,2018
32132018,32,JAWA BARAT,3213,KABUPATEN SUBANG,PEREMPUAN,SLTA,19,KORBAN,2018
32132018,32,JAWA BARAT,3213,KABUPATEN SUBANG,PEREMPUAN,"PERGURUAN 
TINGGI",1,KORBAN,2018
32132018,32,JAWA BARAT,3213,KABUPATEN SUBANG,PEREMPUAN,TK,2,KORBAN,2018
32132018,32,JAWA BARAT,3213,KABUPATEN SUBANG,PEREMPUAN,PAUD,0,KORBAN,2018
32142018,32,JAWA BARAT,3214,KABUPATEN PURWAKARTA,LAKI-LAKI,NA,1,KORBAN,2018
32142018,32,JAWA BARAT,3214,KABUPATEN PURWAKARTA,LAKI-LAKI,"TIDAK 
SEKOLAH",0,KORBAN,2018
32142018,32,JAWA BARAT,3214,KABUPATEN PURWAKARTA,LAKI-LAKI,SD,0,KORBAN,2018
32142018,32,JAWA BARAT,3214,KABUPATEN PURWAKARTA,LAKI-LAKI,SLTP,0,KORBAN,2018
32142018,32,JAWA BARAT,3214,KABUPATEN PURWAKARTA,LAKI-LAKI,SLTA,2,KORBAN,2018
32142018,32,JAWA BARAT,3214,KABUPATEN PURWAKARTA,LAKI-LAKI,"PERGURUAN 
TINGGI",0,KORBAN,2018
32142018,32,JAWA BARAT,3214,KABUPATEN PURWAKARTA,LAKI-LAKI,TK,0,KORBAN,2018
32142018,32,JAWA BARAT,3214,KABUPATEN PURWAKARTA,LAKI-LAKI,PAUD,0,KORBAN,2018
32142018,32,JAWA BARAT,3214,KABUPATEN PURWAKARTA,PEREMPUAN,NA,10,KORBAN,2018
32142018,32,JAWA BARAT,3214,KABUPATEN PURWAKARTA,PEREMPUAN,"TIDAK 
SEKOLAH",0,KORBAN,2018
32142018,32,JAWA BARAT,3214,KABUPATEN PURWAKARTA,PEREMPUAN,SD,1,KORBAN,2018
32142018,32,JAWA BARAT,3214,KABUPATEN PURWAKARTA,PEREMPUAN,SLTP,0,KORBAN,2018
32142018,32,JAWA BARAT,3214,KABUPATEN PURWAKARTA,PEREMPUAN,SLTA,3,KORBAN,2018
32142018,32,JAWA BARAT,3214,KABUPATEN PURWAKARTA,PEREMPUAN,"PERGURUAN 
TINGGI",0,KORBAN,2018
32142018,32,JAWA BARAT,3214,KABUPATEN PURWAKARTA,PEREMPUAN,TK,0,KORBAN,2018
32142018,32,JAWA BARAT,3214,KABUPATEN PURWAKARTA,PEREMPUAN,PAUD,0,KORBAN,2018
32152018,32,JAWA BARAT,3215,KABUPATEN KARAWANG,LAKI-LAKI,NA,0,KORBAN,2018
32152018,32,JAWA BARAT,3215,KABUPATEN KARAWANG,LAKI-LAKI,"TIDAK 
SEKOLAH",0,KORBAN,2018
32152018,32,JAWA BARAT,3215,KABUPATEN KARAWANG,LAKI-LAKI,SD,2,KORBAN,2018
32152018,32,JAWA BARAT,3215,KABUPATEN KARAWANG,LAKI-LAKI,SLTP,0,KORBAN,2018
32152018,32,JAWA BARAT,3215,KABUPATEN KARAWANG,LAKI-LAKI,SLTA,1,KORBAN,2018
32152018,32,JAWA BARAT,3215,KABUPATEN KARAWANG,LAKI-LAKI,"PERGURUAN 
TINGGI",1,KORBAN,2018
32152018,32,JAWA BARAT,3215,KABUPATEN KARAWANG,LAKI-LAKI,TK,1,KORBAN,2018
32152018,32,JAWA BARAT,3215,KABUPATEN KARAWANG,LAKI-LAKI,PAUD,0,KORBAN,2018
32152018,32,JAWA BARAT,3215,KABUPATEN KARAWANG,PEREMPUAN,NA,1,KORBAN,2018
32152018,32,JAWA BARAT,3215,KABUPATEN KARAWANG,PEREMPUAN,"TIDAK 
SEKOLAH",1,KORBAN,2018
32152018,32,JAWA BARAT,3215,KABUPATEN KARAWANG,PEREMPUAN,SD,3,KORBAN,2018
32152018,32,JAWA BARAT,3215,KABUPATEN KARAWANG,PEREMPUAN,SLTP,4,KORBAN,2018
32152018,32,JAWA BARAT,3215,KABUPATEN KARAWANG,PEREMPUAN,SLTA,9,KORBAN,2018
32152018,32,JAWA BARAT,3215,KABUPATEN KARAWANG,PEREMPUAN,"PERGURUAN 
TINGGI",3,KORBAN,2018
32152018,32,JAWA BARAT,3215,KABUPATEN KARAWANG,PEREMPUAN,TK,1,KORBAN,2018
32152018,32,JAWA BARAT,3215,KABUPATEN KARAWANG,PEREMPUAN,PAUD,0,KORBAN,2018
32162018,32,JAWA BARAT,3216,KABUPATEN BEKASI,LAKI-LAKI,NA,1,KORBAN,2018
32162018,32,JAWA BARAT,3216,KABUPATEN BEKASI,LAKI-LAKI,"TIDAK 
SEKOLAH",0,KORBAN,2018
32162018,32,JAWA BARAT,3216,KABUPATEN BEKASI,LAKI-LAKI,SD,1,KORBAN,2018
32162018,32,JAWA BARAT,3216,KABUPATEN BEKASI,LAKI-LAKI,SLTP,0,KORBAN,2018
32162018,32,JAWA BARAT,3216,KABUPATEN BEKASI,LAKI-LAKI,SLTA,0,KORBAN,2018
32162018,32,JAWA BARAT,3216,KABUPATEN BEKASI,LAKI-LAKI,"PERGURUAN 
TINGGI",1,KORBAN,2018
32162018,32,JAWA BARAT,3216,KABUPATEN BEKASI,LAKI-LAKI,TK,0,KORBAN,2018
32162018,32,JAWA BARAT,3216,KABUPATEN BEKASI,LAKI-LAKI,PAUD,0,KORBAN,2018
32162018,32,JAWA BARAT,3216,KABUPATEN BEKASI,PEREMPUAN,NA,0,KORBAN,2018
32162018,32,JAWA BARAT,3216,KABUPATEN BEKASI,PEREMPUAN,"TIDAK 
SEKOLAH",0,KORBAN,2018
32162018,32,JAWA BARAT,3216,KABUPATEN BEKASI,PEREMPUAN,SD,0,KORBAN,2018
32162018,32,JAWA BARAT,3216,KABUPATEN BEKASI,PEREMPUAN,SLTP,1,KORBAN,2018
32162018,32,JAWA BARAT,3216,KABUPATEN BEKASI,PEREMPUAN,SLTA,1,KORBAN,2018
32162018,32,JAWA BARAT,3216,KABUPATEN BEKASI,PEREMPUAN,"PERGURUAN 
TINGGI",0,KORBAN,2018
32162018,32,JAWA BARAT,3216,KABUPATEN BEKASI,PEREMPUAN,TK,0,KORBAN,2018
32162018,32,JAWA BARAT,3216,KABUPATEN BEKASI,PEREMPUAN,PAUD,0,KORBAN,2018
32172018,32,JAWA BARAT,3217,KABUPATEN BANDUNG BARAT,LAKI-LAKI,NA,1,KORBAN,2018
32172018,32,JAWA BARAT,3217,KABUPATEN BANDUNG BARAT,LAKI-LAKI,"TIDAK 
SEKOLAH",0,KORBAN,2018
32172018,32,JAWA BARAT,3217,KABUPATEN BANDUNG BARAT,LAKI-LAKI,SD,3,KORBAN,2018
32172018,32,JAWA BARAT,3217,KABUPATEN BANDUNG BARAT,LAKI-LAKI,SLTP,0,KORBAN,2018
32172018,32,JAWA BARAT,3217,KABUPATEN BANDUNG BARAT,LAKI-LAKI,SLTA,0,KORBAN,2018
32172018,32,JAWA BARAT,3217,KABUPATEN BANDUNG BARAT,LAKI-LAKI,"PERGURUAN 
TINGGI",0,KORBAN,2018
32172018,32,JAWA BARAT,3217,KABUPATEN BANDUNG BARAT,LAKI-LAKI,TK,0,KORBAN,2018
32172018,32,JAWA BARAT,3217,KABUPATEN BANDUNG BARAT,LAKI-LAKI,PAUD,0,KORBAN,2018
32172018,32,JAWA BARAT,3217,KABUPATEN BANDUNG BARAT,PEREMPUAN,NA,0,KORBAN,2018
32172018,32,JAWA BARAT,3217,KABUPATEN BANDUNG BARAT,PEREMPUAN,"TIDAK 
SEKOLAH",0,KORBAN,2018
32172018,32,JAWA BARAT,3217,KABUPATEN BANDUNG BARAT,PEREMPUAN,SD,3,KORBAN,2018
32172018,32,JAWA BARAT,3217,KABUPATEN BANDUNG BARAT,PEREMPUAN,SLTP,1,KORBAN,2018
32172018,32,JAWA BARAT,3217,KABUPATEN BANDUNG BARAT,PEREMPUAN,SLTA,5,KORBAN,2018
32172018,32,JAWA BARAT,3217,KABUPATEN BANDUNG BARAT,PEREMPUAN,"PERGURUAN 
TINGGI",0,KORBAN,2018
32172018,32,JAWA BARAT,3217,KABUPATEN BANDUNG BARAT,PEREMPUAN,TK,1,KORBAN,2018
32172018,32,JAWA BARAT,3217,KABUPATEN BANDUNG BARAT,PEREMPUAN,PAUD,1,KORBAN,2018
32182018,32,JAWA BARAT,3218,KABUPATEN PANGANDARAN,LAKI-LAKI,NA,0,KORBAN,2018
32182018,32,JAWA BARAT,3218,KABUPATEN PANGANDARAN,LAKI-LAKI,"TIDAK 
SEKOLAH",0,KORBAN,2018
32182018,32,JAWA BARAT,3218,KABUPATEN PANGANDARAN,LAKI-LAKI,SD,0,KORBAN,2018
32182018,32,JAWA BARAT,3218,KABUPATEN PANGANDARAN,LAKI-LAKI,SLTP,0,KORBAN,2018
32182018,32,JAWA BARAT,3218,KABUPATEN PANGANDARAN,LAKI-LAKI,SLTA,0,KORBAN,2018
32182018,32,JAWA BARAT,3218,KABUPATEN PANGANDARAN,LAKI-LAKI,"PERGURUAN 
TINGGI",0,KORBAN,2018
32182018,32,JAWA BARAT,3218,KABUPATEN PANGANDARAN,LAKI-LAKI,TK,0,KORBAN,2018
32182018,32,JAWA BARAT,3218,KABUPATEN PANGANDARAN,LAKI-LAKI,PAUD,0,KORBAN,2018
32182018,32,JAWA BARAT,3218,KABUPATEN PANGANDARAN,PEREMPUAN,NA,1,KORBAN,2018
32182018,32,JAWA BARAT,3218,KABUPATEN PANGANDARAN,PEREMPUAN,"TIDAK 
SEKOLAH",0,KORBAN,2018
32182018,32,JAWA BARAT,3218,KABUPATEN PANGANDARAN,PEREMPUAN,SD,2,KORBAN,2018
32182018,32,JAWA BARAT,3218,KABUPATEN PANGANDARAN,PEREMPUAN,SLTP,0,KORBAN,2018
32182018,32,JAWA BARAT,3218,KABUPATEN PANGANDARAN,PEREMPUAN,SLTA,0,KORBAN,2018
32182018,32,JAWA BARAT,3218,KABUPATEN PANGANDARAN,PEREMPUAN,"PERGURUAN 
TINGGI",0,KORBAN,2018
32182018,32,JAWA BARAT,3218,KABUPATEN PANGANDARAN,PEREMPUAN,TK,0,KORBAN,2018
32182018,32,JAWA BARAT,3218,KABUPATEN PANGANDARAN,PEREMPUAN,PAUD,0,KORBAN,2018
32712018,32,JAWA BARAT,3271,KOTA BOGOR,LAKI-LAKI,NA,0,KORBAN,2018
32712018,32,JAWA BARAT,3271,KOTA BOGOR,LAKI-LAKI,"TIDAK 
SEKOLAH",0,KORBAN,2018
32712018,32,JAWA BARAT,3271,KOTA BOGOR,LAKI-LAKI,SD,0,KORBAN,2018
32712018,32,JAWA BARAT,3271,KOTA BOGOR,LAKI-LAKI,SLTP,2,KORBAN,2018
32712018,32,JAWA BARAT,3271,KOTA BOGOR,LAKI-LAKI,SLTA,0,KORBAN,2018
32712018,32,JAWA BARAT,3271,KOTA BOGOR,LAKI-LAKI,"PERGURUAN 
TINGGI",0,KORBAN,2018
32712018,32,JAWA BARAT,3271,KOTA BOGOR,LAKI-LAKI,TK,0,KORBAN,2018
32712018,32,JAWA BARAT,3271,KOTA BOGOR,LAKI-LAKI,PAUD,0,KORBAN,2018
32712018,32,JAWA BARAT,3271,KOTA BOGOR,PEREMPUAN,NA,1,KORBAN,2018
32712018,32,JAWA BARAT,3271,KOTA BOGOR,PEREMPUAN,"TIDAK 
SEKOLAH",0,KORBAN,2018
32712018,32,JAWA BARAT,3271,KOTA BOGOR,PEREMPUAN,SD,4,KORBAN,2018
32712018,32,JAWA BARAT,3271,KOTA BOGOR,PEREMPUAN,SLTP,1,KORBAN,2018
32712018,32,JAWA BARAT,3271,KOTA BOGOR,PEREMPUAN,SLTA,4,KORBAN,2018
32712018,32,JAWA BARAT,3271,KOTA BOGOR,PEREMPUAN,"PERGURUAN 
TINGGI",1,KORBAN,2018
32712018,32,JAWA BARAT,3271,KOTA BOGOR,PEREMPUAN,TK,0,KORBAN,2018
32712018,32,JAWA BARAT,3271,KOTA BOGOR,PEREMPUAN,PAUD,0,KORBAN,2018
32722018,32,JAWA BARAT,3272,KOTA SUKABUMI,LAKI-LAKI,NA,2,KORBAN,2018
32722018,32,JAWA BARAT,3272,KOTA SUKABUMI,LAKI-LAKI,"TIDAK 
SEKOLAH",0,KORBAN,2018
32722018,32,JAWA BARAT,3272,KOTA SUKABUMI,LAKI-LAKI,SD,8,KORBAN,2018
32722018,32,JAWA BARAT,3272,KOTA SUKABUMI,LAKI-LAKI,SLTP,2,KORBAN,2018
32722018,32,JAWA BARAT,3272,KOTA SUKABUMI,LAKI-LAKI,SLTA,0,KORBAN,2018
32722018,32,JAWA BARAT,3272,KOTA SUKABUMI,LAKI-LAKI,"PERGURUAN 
TINGGI",0,KORBAN,2018
32722018,32,JAWA BARAT,3272,KOTA SUKABUMI,LAKI-LAKI,TK,0,KORBAN,2018
32722018,32,JAWA BARAT,3272,KOTA SUKABUMI,LAKI-LAKI,PAUD,0,KORBAN,2018
32722018,32,JAWA BARAT,3272,KOTA SUKABUMI,PEREMPUAN,NA,2,KORBAN,2018
32722018,32,JAWA BARAT,3272,KOTA SUKABUMI,PEREMPUAN,"TIDAK 
SEKOLAH",0,KORBAN,2018
32722018,32,JAWA BARAT,3272,KOTA SUKABUMI,PEREMPUAN,SD,3,KORBAN,2018
32722018,32,JAWA BARAT,3272,KOTA SUKABUMI,PEREMPUAN,SLTP,7,KORBAN,2018
32722018,32,JAWA BARAT,3272,KOTA SUKABUMI,PEREMPUAN,SLTA,5,KORBAN,2018
32722018,32,JAWA BARAT,3272,KOTA SUKABUMI,PEREMPUAN,"PERGURUAN 
TINGGI",0,KORBAN,2018
32722018,32,JAWA BARAT,3272,KOTA SUKABUMI,PEREMPUAN,TK,0,KORBAN,2018
32722018,32,JAWA BARAT,3272,KOTA SUKABUMI,PEREMPUAN,PAUD,0,KORBAN,2018
32732018,32,JAWA BARAT,3273,KOTA BANDUNG,LAKI-LAKI,NA,0,KORBAN,2018
32732018,32,JAWA BARAT,3273,KOTA BANDUNG,LAKI-LAKI,"TIDAK 
SEKOLAH",1,KORBAN,2018
32732018,32,JAWA BARAT,3273,KOTA BANDUNG,LAKI-LAKI,SD,5,KORBAN,2018
32732018,32,JAWA BARAT,3273,KOTA BANDUNG,LAKI-LAKI,SLTP,1,KORBAN,2018
32732018,32,JAWA BARAT,3273,KOTA BANDUNG,LAKI-LAKI,SLTA,1,KORBAN,2018
32732018,32,JAWA BARAT,3273,KOTA BANDUNG,LAKI-LAKI,"PERGURUAN 
TINGGI",1,KORBAN,2018
32732018,32,JAWA BARAT,3273,KOTA BANDUNG,LAKI-LAKI,TK,1,KORBAN,2018
32732018,32,JAWA BARAT,3273,KOTA BANDUNG,LAKI-LAKI,PAUD,0,KORBAN,2018
32732018,32,JAWA BARAT,3273,KOTA BANDUNG,PEREMPUAN,NA,0,KORBAN,2018
32732018,32,JAWA BARAT,3273,KOTA BANDUNG,PEREMPUAN,"TIDAK 
SEKOLAH",2,KORBAN,2018
32732018,32,JAWA BARAT,3273,KOTA BANDUNG,PEREMPUAN,SD,7,KORBAN,2018
32732018,32,JAWA BARAT,3273,KOTA BANDUNG,PEREMPUAN,SLTP,5,KORBAN,2018
32732018,32,JAWA BARAT,3273,KOTA BANDUNG,PEREMPUAN,SLTA,14,KORBAN,2018
32732018,32,JAWA BARAT,3273,KOTA BANDUNG,PEREMPUAN,"PERGURUAN 
TINGGI",6,KORBAN,2018
32732018,32,JAWA BARAT,3273,KOTA BANDUNG,PEREMPUAN,TK,1,KORBAN,2018
32732018,32,JAWA BARAT,3273,KOTA BANDUNG,PEREMPUAN,PAUD,0,KORBAN,2018
32742018,32,JAWA BARAT,3274,KOTA CIREBON,LAKI-LAKI,NA,0,KORBAN,2018
32742018,32,JAWA BARAT,3274,KOTA CIREBON,LAKI-LAKI,"TIDAK 
SEKOLAH",0,KORBAN,2018
32742018,32,JAWA BARAT,3274,KOTA CIREBON,LAKI-LAKI,SD,7,KORBAN,2018
32742018,32,JAWA BARAT,3274,KOTA CIREBON,LAKI-LAKI,SLTP,1,KORBAN,2018
32742018,32,JAWA BARAT,3274,KOTA CIREBON,LAKI-LAKI,SLTA,0,KORBAN,2018
32742018,32,JAWA BARAT,3274,KOTA CIREBON,LAKI-LAKI,"PERGURUAN 
TINGGI",0,KORBAN,2018
32742018,32,JAWA BARAT,3274,KOTA CIREBON,LAKI-LAKI,TK,0,KORBAN,2018
32742018,32,JAWA BARAT,3274,KOTA CIREBON,LAKI-LAKI,PAUD,0,KORBAN,2018
32742018,32,JAWA BARAT,3274,KOTA CIREBON,PEREMPUAN,NA,0,KORBAN,2018
32742018,32,JAWA BARAT,3274,KOTA CIREBON,PEREMPUAN,"TIDAK 
SEKOLAH",0,KORBAN,2018
32742018,32,JAWA BARAT,3274,KOTA CIREBON,PEREMPUAN,SD,0,KORBAN,2018
32742018,32,JAWA BARAT,3274,KOTA CIREBON,PEREMPUAN,SLTP,0,KORBAN,2018
32742018,32,JAWA BARAT,3274,KOTA CIREBON,PEREMPUAN,SLTA,0,KORBAN,2018
32742018,32,JAWA BARAT,3274,KOTA CIREBON,PEREMPUAN,"PERGURUAN 
TINGGI",0,KORBAN,2018
32742018,32,JAWA BARAT,3274,KOTA CIREBON,PEREMPUAN,TK,0,KORBAN,2018
32742018,32,JAWA BARAT,3274,KOTA CIREBON,PEREMPUAN,PAUD,0,KORBAN,2018
32752018,32,JAWA BARAT,3275,KOTA BEKASI,LAKI-LAKI,NA,0,KORBAN,2018
32752018,32,JAWA BARAT,3275,KOTA BEKASI,LAKI-LAKI,"TIDAK 
SEKOLAH",0,KORBAN,2018
32752018,32,JAWA BARAT,3275,KOTA BEKASI,LAKI-LAKI,SD,1,KORBAN,2018
32752018,32,JAWA BARAT,3275,KOTA BEKASI,LAKI-LAKI,SLTP,0,KORBAN,2018
32752018,32,JAWA BARAT,3275,KOTA BEKASI,LAKI-LAKI,SLTA,0,KORBAN,2018
32752018,32,JAWA BARAT,3275,KOTA BEKASI,LAKI-LAKI,"PERGURUAN 
TINGGI",0,KORBAN,2018
32752018,32,JAWA BARAT,3275,KOTA BEKASI,LAKI-LAKI,TK,0,KORBAN,2018
32752018,32,JAWA BARAT,3275,KOTA BEKASI,LAKI-LAKI,PAUD,0,KORBAN,2018
32752018,32,JAWA BARAT,3275,KOTA BEKASI,PEREMPUAN,NA,0,KORBAN,2018
32752018,32,JAWA BARAT,3275,KOTA BEKASI,PEREMPUAN,"TIDAK 
SEKOLAH",0,KORBAN,2018
32752018,32,JAWA BARAT,3275,KOTA BEKASI,PEREMPUAN,SD,0,KORBAN,2018
32752018,32,JAWA BARAT,3275,KOTA BEKASI,PEREMPUAN,SLTP,0,KORBAN,2018
32752018,32,JAWA BARAT,3275,KOTA BEKASI,PEREMPUAN,SLTA,2,KORBAN,2018
32752018,32,JAWA BARAT,3275,KOTA BEKASI,PEREMPUAN,"PERGURUAN 
TINGGI",0,KORBAN,2018
32752018,32,JAWA BARAT,3275,KOTA BEKASI,PEREMPUAN,TK,0,KORBAN,2018
32752018,32,JAWA BARAT,3275,KOTA BEKASI,PEREMPUAN,PAUD,0,KORBAN,2018
32762018,32,JAWA BARAT,3276,KOTA DEPOK,LAKI-LAKI,NA,1,KORBAN,2018
32762018,32,JAWA BARAT,3276,KOTA DEPOK,LAKI-LAKI,"TIDAK 
SEKOLAH",0,KORBAN,2018
32762018,32,JAWA BARAT,3276,KOTA DEPOK,LAKI-LAKI,SD,1,KORBAN,2018
32762018,32,JAWA BARAT,3276,KOTA DEPOK,LAKI-LAKI,SLTP,0,KORBAN,2018
32762018,32,JAWA BARAT,3276,KOTA DEPOK,LAKI-LAKI,SLTA,1,KORBAN,2018
32762018,32,JAWA BARAT,3276,KOTA DEPOK,LAKI-LAKI,"PERGURUAN 
TINGGI",0,KORBAN,2018
32762018,32,JAWA BARAT,3276,KOTA DEPOK,LAKI-LAKI,TK,0,KORBAN,2018
32762018,32,JAWA BARAT,3276,KOTA DEPOK,LAKI-LAKI,PAUD,0,KORBAN,2018
32762018,32,JAWA BARAT,3276,KOTA DEPOK,PEREMPUAN,NA,0,KORBAN,2018
32762018,32,JAWA BARAT,3276,KOTA DEPOK,PEREMPUAN,"TIDAK 
SEKOLAH",0,KORBAN,2018
32762018,32,JAWA BARAT,3276,KOTA DEPOK,PEREMPUAN,SD,0,KORBAN,2018
32762018,32,JAWA BARAT,3276,KOTA DEPOK,PEREMPUAN,SLTP,2,KORBAN,2018
32762018,32,JAWA BARAT,3276,KOTA DEPOK,PEREMPUAN,SLTA,3,KORBAN,2018
32762018,32,JAWA BARAT,3276,KOTA DEPOK,PEREMPUAN,"PERGURUAN 
TINGGI",1,KORBAN,2018
32762018,32,JAWA BARAT,3276,KOTA DEPOK,PEREMPUAN,TK,0,KORBAN,2018
32762018,32,JAWA BARAT,3276,KOTA DEPOK,PEREMPUAN,PAUD,0,KORBAN,2018
32772018,32,JAWA BARAT,3277,KOTA CIMAHI,LAKI-LAKI,NA,0,KORBAN,2018
32772018,32,JAWA BARAT,3277,KOTA CIMAHI,LAKI-LAKI,"TIDAK 
SEKOLAH",0,KORBAN,2018
32772018,32,JAWA BARAT,3277,KOTA CIMAHI,LAKI-LAKI,SD,1,KORBAN,2018
32772018,32,JAWA BARAT,3277,KOTA CIMAHI,LAKI-LAKI,SLTP,3,KORBAN,2018
32772018,32,JAWA BARAT,3277,KOTA CIMAHI,LAKI-LAKI,SLTA,0,KORBAN,2018
32772018,32,JAWA BARAT,3277,KOTA CIMAHI,LAKI-LAKI,"PERGURUAN 
TINGGI",0,KORBAN,2018
32772018,32,JAWA BARAT,3277,KOTA CIMAHI,LAKI-LAKI,TK,0,KORBAN,2018
32772018,32,JAWA BARAT,3277,KOTA CIMAHI,LAKI-LAKI,PAUD,0,KORBAN,2018
32772018,32,JAWA BARAT,3277,KOTA CIMAHI,PEREMPUAN,NA,0,KORBAN,2018
32772018,32,JAWA BARAT,3277,KOTA CIMAHI,PEREMPUAN,"TIDAK 
SEKOLAH",0,KORBAN,2018
32772018,32,JAWA BARAT,3277,KOTA CIMAHI,PEREMPUAN,SD,4,KORBAN,2018
32772018,32,JAWA BARAT,3277,KOTA CIMAHI,PEREMPUAN,SLTP,3,KORBAN,2018
32772018,32,JAWA BARAT,3277,KOTA CIMAHI,PEREMPUAN,SLTA,5,KORBAN,2018
32772018,32,JAWA BARAT,3277,KOTA CIMAHI,PEREMPUAN,"PERGURUAN 
TINGGI",0,KORBAN,2018
32772018,32,JAWA BARAT,3277,KOTA CIMAHI,PEREMPUAN,TK,0,KORBAN,2018
32772018,32,JAWA BARAT,3277,KOTA CIMAHI,PEREMPUAN,PAUD,0,KORBAN,2018
32782018,32,JAWA BARAT,3278,KOTA TASIKMALAYA,LAKI-LAKI,NA,1,KORBAN,2018
32782018,32,JAWA BARAT,3278,KOTA TASIKMALAYA,LAKI-LAKI,"TIDAK 
SEKOLAH",0,KORBAN,2018
32782018,32,JAWA BARAT,3278,KOTA TASIKMALAYA,LAKI-LAKI,SD,0,KORBAN,2018
32782018,32,JAWA BARAT,3278,KOTA TASIKMALAYA,LAKI-LAKI,SLTP,1,KORBAN,2018
32782018,32,JAWA BARAT,3278,KOTA TASIKMALAYA,LAKI-LAKI,SLTA,0,KORBAN,2018
32782018,32,JAWA BARAT,3278,KOTA TASIKMALAYA,LAKI-LAKI,"PERGURUAN 
TINGGI",0,KORBAN,2018
32782018,32,JAWA BARAT,3278,KOTA TASIKMALAYA,LAKI-LAKI,TK,0,KORBAN,2018
32782018,32,JAWA BARAT,3278,KOTA TASIKMALAYA,LAKI-LAKI,PAUD,0,KORBAN,2018
32782018,32,JAWA BARAT,3278,KOTA TASIKMALAYA,PEREMPUAN,NA,0,KORBAN,2018
32782018,32,JAWA BARAT,3278,KOTA TASIKMALAYA,PEREMPUAN,"TIDAK 
SEKOLAH",0,KORBAN,2018
32782018,32,JAWA BARAT,3278,KOTA TASIKMALAYA,PEREMPUAN,SD,3,KORBAN,2018
32782018,32,JAWA BARAT,3278,KOTA TASIKMALAYA,PEREMPUAN,SLTP,1,KORBAN,2018
32782018,32,JAWA BARAT,3278,KOTA TASIKMALAYA,PEREMPUAN,SLTA,2,KORBAN,2018
32782018,32,JAWA BARAT,3278,KOTA TASIKMALAYA,PEREMPUAN,"PERGURUAN 
TINGGI",2,KORBAN,2018
32782018,32,JAWA BARAT,3278,KOTA TASIKMALAYA,PEREMPUAN,TK,0,KORBAN,2018
32782018,32,JAWA BARAT,3278,KOTA TASIKMALAYA,PEREMPUAN,PAUD,0,KORBAN,2018
32792018,32,JAWA BARAT,3279,KOTA BANJAR,LAKI-LAKI,NA,1,KORBAN,2018
32792018,32,JAWA BARAT,3279,KOTA BANJAR,LAKI-LAKI,"TIDAK 
SEKOLAH",0,KORBAN,2018
32792018,32,JAWA BARAT,3279,KOTA BANJAR,LAKI-LAKI,SD,1,KORBAN,2018
32792018,32,JAWA BARAT,3279,KOTA BANJAR,LAKI-LAKI,SLTP,4,KORBAN,2018
32792018,32,JAWA BARAT,3279,KOTA BANJAR,LAKI-LAKI,SLTA,0,KORBAN,2018
32792018,32,JAWA BARAT,3279,KOTA BANJAR,LAKI-LAKI,"PERGURUAN 
TINGGI",0,KORBAN,2018
32792018,32,JAWA BARAT,3279,KOTA BANJAR,LAKI-LAKI,TK,0,KORBAN,2018
32792018,32,JAWA BARAT,3279,KOTA BANJAR,LAKI-LAKI,PAUD,0,KORBAN,2018
32792018,32,JAWA BARAT,3279,KOTA BANJAR,PEREMPUAN,NA,2,KORBAN,2018
32792018,32,JAWA BARAT,3279,KOTA BANJAR,PEREMPUAN,"TIDAK 
SEKOLAH",0,KORBAN,2018
32792018,32,JAWA BARAT,3279,KOTA BANJAR,PEREMPUAN,SD,0,KORBAN,2018
32792018,32,JAWA BARAT,3279,KOTA BANJAR,PEREMPUAN,SLTP,5,KORBAN,2018
32792018,32,JAWA BARAT,3279,KOTA BANJAR,PEREMPUAN,SLTA,2,KORBAN,2018
32792018,32,JAWA BARAT,3279,KOTA BANJAR,PEREMPUAN,"PERGURUAN 
TINGGI",0,KORBAN,2018
32792018,32,JAWA BARAT,3279,KOTA BANJAR,PEREMPUAN,TK,0,KORBAN,2018
32792018,32,JAWA BARAT,3279,KOTA BANJAR,PEREMPUAN,PAUD,0,KORBAN,2018
32012021,32,JAWA BARAT,3201,KABUPATEN BOGOR,LAKI-LAKI,NA,2,KORBAN,2021
32012021,32,JAWA BARAT,3201,KABUPATEN BOGOR,LAKI-LAKI,TIDAK SEKOLAH,1,KORBAN,2021
32012021,32,JAWA BARAT,3201,KABUPATEN BOGOR,LAKI-LAKI,TK,0,KORBAN,2021
32012021,32,JAWA BARAT,3201,KABUPATEN BOGOR,LAKI-LAKI,PAUD,0,KORBAN,2021
32012021,32,JAWA BARAT,3201,KABUPATEN BOGOR,LAKI-LAKI,SD,0,KORBAN,2021
32012021,32,JAWA BARAT,3201,KABUPATEN BOGOR,LAKI-LAKI,SLTP,0,KORBAN,2021
32012021,32,JAWA BARAT,3201,KABUPATEN BOGOR,LAKI-LAKI,SLTA,0,KORBAN,2021
32012021,32,JAWA BARAT,3201,KABUPATEN BOGOR,LAKI-LAKI,PERGURUAN TINGGI,0,KORBAN,2021
32012021,32,JAWA BARAT,3201,KABUPATEN BOGOR,PEREMPUAN,NA,3,KORBAN,2021
32012021,32,JAWA BARAT,3201,KABUPATEN BOGOR,PEREMPUAN,TIDAK SEKOLAH,1,KORBAN,2021
32012021,32,JAWA BARAT,3201,KABUPATEN BOGOR,PEREMPUAN,TK,0,KORBAN,2021
32012021,32,JAWA BARAT,3201,KABUPATEN BOGOR,PEREMPUAN,PAUD,0,KORBAN,2021
32012021,32,JAWA BARAT,3201,KABUPATEN BOGOR,PEREMPUAN,SD,0,KORBAN,2021
32012021,32,JAWA BARAT,3201,KABUPATEN BOGOR,PEREMPUAN,SLTP,2,KORBAN,2021
32012021,32,JAWA BARAT,3201,KABUPATEN BOGOR,PEREMPUAN,SLTA,7,KORBAN,2021
32012021,32,JAWA BARAT,3201,KABUPATEN BOGOR,PEREMPUAN,PERGURUAN TINGGI,4,KORBAN,2021
32022021,32,JAWA BARAT,3202,KABUPATEN SUKABUMI,LAKI-LAKI,NA,0,KORBAN,2021
32022021,32,JAWA BARAT,3202,KABUPATEN SUKABUMI,LAKI-LAKI,TIDAK SEKOLAH,1,KORBAN,2021
32022021,32,JAWA BARAT,3202,KABUPATEN SUKABUMI,LAKI-LAKI,TK,0,KORBAN,2021
32022021,32,JAWA BARAT,3202,KABUPATEN SUKABUMI,LAKI-LAKI,PAUD,0,KORBAN,2021
32022021,32,JAWA BARAT,3202,KABUPATEN SUKABUMI,LAKI-LAKI,SD,1,KORBAN,2021
32022021,32,JAWA BARAT,3202,KABUPATEN SUKABUMI,LAKI-LAKI,SLTP,0,KORBAN,2021
32022021,32,JAWA BARAT,3202,KABUPATEN SUKABUMI,LAKI-LAKI,SLTA,0,KORBAN,2021
32022021,32,JAWA BARAT,3202,KABUPATEN SUKABUMI,LAKI-LAKI,PERGURUAN TINGGI,0,KORBAN,2021
32022021,32,JAWA BARAT,3202,KABUPATEN SUKABUMI,PEREMPUAN,NA,8,KORBAN,2021
32022021,32,JAWA BARAT,3202,KABUPATEN SUKABUMI,PEREMPUAN,TIDAK SEKOLAH,2,KORBAN,2021
32022021,32,JAWA BARAT,3202,KABUPATEN SUKABUMI,PEREMPUAN,TK,0,KORBAN,2021
32022021,32,JAWA BARAT,3202,KABUPATEN SUKABUMI,PEREMPUAN,PAUD,0,KORBAN,2021
32022021,32,JAWA BARAT,3202,KABUPATEN SUKABUMI,PEREMPUAN,SD,1,KORBAN,2021
32022021,32,JAWA BARAT,3202,KABUPATEN SUKABUMI,PEREMPUAN,SLTP,9,KORBAN,2021
32022021,32,JAWA BARAT,3202,KABUPATEN SUKABUMI,PEREMPUAN,SLTA,6,KORBAN,2021
32022021,32,JAWA BARAT,3202,KABUPATEN SUKABUMI,PEREMPUAN,PERGURUAN TINGGI,0,KORBAN,2021
32032021,32,JAWA BARAT,3203,KABUPATEN CIANJUR,LAKI-LAKI,NA,3,KORBAN,2021
32032021,32,JAWA BARAT,3203,KABUPATEN CIANJUR,LAKI-LAKI,TIDAK SEKOLAH,0,KORBAN,2021
32032021,32,JAWA BARAT,3203,KABUPATEN CIANJUR,LAKI-LAKI,TK,0,KORBAN,2021
32032021,32,JAWA BARAT,3203,KABUPATEN CIANJUR,LAKI-LAKI,PAUD,0,KORBAN,2021
32032021,32,JAWA BARAT,3203,KABUPATEN CIANJUR,LAKI-LAKI,SD,1,KORBAN,2021
32032021,32,JAWA BARAT,3203,KABUPATEN CIANJUR,LAKI-LAKI,SLTP,0,KORBAN,2021
32032021,32,JAWA BARAT,3203,KABUPATEN CIANJUR,LAKI-LAKI,SLTA,0,KORBAN,2021
32032021,32,JAWA BARAT,3203,KABUPATEN CIANJUR,LAKI-LAKI,PERGURUAN TINGGI,0,KORBAN,2021
32032021,32,JAWA BARAT,3203,KABUPATEN CIANJUR,PEREMPUAN,NA,1,KORBAN,2021
32032021,32,JAWA BARAT,3203,KABUPATEN CIANJUR,PEREMPUAN,TIDAK SEKOLAH,0,KORBAN,2021
32032021,32,JAWA BARAT,3203,KABUPATEN CIANJUR,PEREMPUAN,TK,0,KORBAN,2021
32032021,32,JAWA BARAT,3203,KABUPATEN CIANJUR,PEREMPUAN,PAUD,0,KORBAN,2021
32032021,32,JAWA BARAT,3203,KABUPATEN CIANJUR,PEREMPUAN,SD,3,KORBAN,2021
32032021,32,JAWA BARAT,3203,KABUPATEN CIANJUR,PEREMPUAN,SLTP,2,KORBAN,2021
32032021,32,JAWA BARAT,3203,KABUPATEN CIANJUR,PEREMPUAN,SLTA,3,KORBAN,2021
32032021,32,JAWA BARAT,3203,KABUPATEN CIANJUR,PEREMPUAN,PERGURUAN TINGGI,2,KORBAN,2021
32042021,32,JAWA BARAT,3204,KABUPATEN BANDUNG,LAKI-LAKI,NA,0,KORBAN,2021
32042021,32,JAWA BARAT,3204,KABUPATEN BANDUNG,LAKI-LAKI,TIDAK SEKOLAH,0,KORBAN,2021
32042021,32,JAWA BARAT,3204,KABUPATEN BANDUNG,LAKI-LAKI,TK,0,KORBAN,2021
32042021,32,JAWA BARAT,3204,KABUPATEN BANDUNG,LAKI-LAKI,PAUD,0,KORBAN,2021
32042021,32,JAWA BARAT,3204,KABUPATEN BANDUNG,LAKI-LAKI,SD,2,KORBAN,2021
32042021,32,JAWA BARAT,3204,KABUPATEN BANDUNG,LAKI-LAKI,SLTP,1,KORBAN,2021
32042021,32,JAWA BARAT,3204,KABUPATEN BANDUNG,LAKI-LAKI,SLTA,0,KORBAN,2021
32042021,32,JAWA BARAT,3204,KABUPATEN BANDUNG,LAKI-LAKI,PERGURUAN TINGGI,0,KORBAN,2021
32042021,32,JAWA BARAT,3204,KABUPATEN BANDUNG,PEREMPUAN,NA,10,KORBAN,2021
32042021,32,JAWA BARAT,3204,KABUPATEN BANDUNG,PEREMPUAN,TIDAK SEKOLAH,1,KORBAN,2021
32042021,32,JAWA BARAT,3204,KABUPATEN BANDUNG,PEREMPUAN,TK,0,KORBAN,2021
32042021,32,JAWA BARAT,3204,KABUPATEN BANDUNG,PEREMPUAN,PAUD,1,KORBAN,2021
32042021,32,JAWA BARAT,3204,KABUPATEN BANDUNG,PEREMPUAN,SD,5,KORBAN,2021
32042021,32,JAWA BARAT,3204,KABUPATEN BANDUNG,PEREMPUAN,SLTP,6,KORBAN,2021
32042021,32,JAWA BARAT,3204,KABUPATEN BANDUNG,PEREMPUAN,SLTA,15,KORBAN,2021
32042021,32,JAWA BARAT,3204,KABUPATEN BANDUNG,PEREMPUAN,PERGURUAN TINGGI,2,KORBAN,2021
32052021,32,JAWA BARAT,3205,KABUPATEN GARUT,LAKI-LAKI,NA,0,KORBAN,2021
32052021,32,JAWA BARAT,3205,KABUPATEN GARUT,LAKI-LAKI,TIDAK SEKOLAH,0,KORBAN,2021
32052021,32,JAWA BARAT,3205,KABUPATEN GARUT,LAKI-LAKI,TK,0,KORBAN,2021
32052021,32,JAWA BARAT,3205,KABUPATEN GARUT,LAKI-LAKI,PAUD,0,KORBAN,2021
32052021,32,JAWA BARAT,3205,KABUPATEN GARUT,LAKI-LAKI,SD,0,KORBAN,2021
32052021,32,JAWA BARAT,3205,KABUPATEN GARUT,LAKI-LAKI,SLTP,0,KORBAN,2021
32052021,32,JAWA BARAT,3205,KABUPATEN GARUT,LAKI-LAKI,SLTA,0,KORBAN,2021
32052021,32,JAWA BARAT,3205,KABUPATEN GARUT,LAKI-LAKI,PERGURUAN TINGGI,0,KORBAN,2021
32052021,32,JAWA BARAT,3205,KABUPATEN GARUT,PEREMPUAN,NA,3,KORBAN,2021
32052021,32,JAWA BARAT,3205,KABUPATEN GARUT,PEREMPUAN,TIDAK SEKOLAH,0,KORBAN,2021
32052021,32,JAWA BARAT,3205,KABUPATEN GARUT,PEREMPUAN,TK,0,KORBAN,2021
32052021,32,JAWA BARAT,3205,KABUPATEN GARUT,PEREMPUAN,PAUD,0,KORBAN,2021
32052021,32,JAWA BARAT,3205,KABUPATEN GARUT,PEREMPUAN,SD,0,KORBAN,2021
32052021,32,JAWA BARAT,3205,KABUPATEN GARUT,PEREMPUAN,SLTP,0,KORBAN,2021
32052021,32,JAWA BARAT,3205,KABUPATEN GARUT,PEREMPUAN,SLTA,3,KORBAN,2021
32052021,32,JAWA BARAT,3205,KABUPATEN GARUT,PEREMPUAN,PERGURUAN TINGGI,0,KORBAN,2021
32062021,32,JAWA BARAT,3206,KABUPATEN TASIKMALAYA,LAKI-LAKI,NA,0,KORBAN,2021
32062021,32,JAWA BARAT,3206,KABUPATEN TASIKMALAYA,LAKI-LAKI,TIDAK SEKOLAH,3,KORBAN,2021
32062021,32,JAWA BARAT,3206,KABUPATEN TASIKMALAYA,LAKI-LAKI,TK,0,KORBAN,2021
32062021,32,JAWA BARAT,3206,KABUPATEN TASIKMALAYA,LAKI-LAKI,PAUD,0,KORBAN,2021
32062021,32,JAWA BARAT,3206,KABUPATEN TASIKMALAYA,LAKI-LAKI,SD,2,KORBAN,2021
32062021,32,JAWA BARAT,3206,KABUPATEN TASIKMALAYA,LAKI-LAKI,SLTP,4,KORBAN,2021
32062021,32,JAWA BARAT,3206,KABUPATEN TASIKMALAYA,LAKI-LAKI,SLTA,5,KORBAN,2021
32062021,32,JAWA BARAT,3206,KABUPATEN TASIKMALAYA,LAKI-LAKI,PERGURUAN TINGGI,0,KORBAN,2021
32062021,32,JAWA BARAT,3206,KABUPATEN TASIKMALAYA,PEREMPUAN,NA,1,KORBAN,2021
32062021,32,JAWA BARAT,3206,KABUPATEN TASIKMALAYA,PEREMPUAN,TIDAK SEKOLAH,7,KORBAN,2021
32062021,32,JAWA BARAT,3206,KABUPATEN TASIKMALAYA,PEREMPUAN,TK,0,KORBAN,2021
32062021,32,JAWA BARAT,3206,KABUPATEN TASIKMALAYA,PEREMPUAN,PAUD,0,KORBAN,2021
32062021,32,JAWA BARAT,3206,KABUPATEN TASIKMALAYA,PEREMPUAN,SD,2,KORBAN,2021
32062021,32,JAWA BARAT,3206,KABUPATEN TASIKMALAYA,PEREMPUAN,SLTP,15,KORBAN,2021
32062021,32,JAWA BARAT,3206,KABUPATEN TASIKMALAYA,PEREMPUAN,SLTA,3,KORBAN,2021
32062021,32,JAWA BARAT,3206,KABUPATEN TASIKMALAYA,PEREMPUAN,PERGURUAN TINGGI,1,KORBAN,2021
32072021,32,JAWA BARAT,3207,KABUPATEN CIAMIS,LAKI-LAKI,NA,0,KORBAN,2021
32072021,32,JAWA BARAT,3207,KABUPATEN CIAMIS,LAKI-LAKI,TIDAK SEKOLAH,0,KORBAN,2021
32072021,32,JAWA BARAT,3207,KABUPATEN CIAMIS,LAKI-LAKI,TK,0,KORBAN,2021
32072021,32,JAWA BARAT,3207,KABUPATEN CIAMIS,LAKI-LAKI,PAUD,0,KORBAN,2021
32072021,32,JAWA BARAT,3207,KABUPATEN CIAMIS,LAKI-LAKI,SD,0,KORBAN,2021
32072021,32,JAWA BARAT,3207,KABUPATEN CIAMIS,LAKI-LAKI,SLTP,1,KORBAN,2021
32072021,32,JAWA BARAT,3207,KABUPATEN CIAMIS,LAKI-LAKI,SLTA,0,KORBAN,2021
32072021,32,JAWA BARAT,3207,KABUPATEN CIAMIS,LAKI-LAKI,PERGURUAN TINGGI,0,KORBAN,2021
32072021,32,JAWA BARAT,3207,KABUPATEN CIAMIS,PEREMPUAN,NA,0,KORBAN,2021
32072021,32,JAWA BARAT,3207,KABUPATEN CIAMIS,PEREMPUAN,TIDAK SEKOLAH,0,KORBAN,2021
32072021,32,JAWA BARAT,3207,KABUPATEN CIAMIS,PEREMPUAN,TK,0,KORBAN,2021
32072021,32,JAWA BARAT,3207,KABUPATEN CIAMIS,PEREMPUAN,PAUD,0,KORBAN,2021
32072021,32,JAWA BARAT,3207,KABUPATEN CIAMIS,PEREMPUAN,SD,0,KORBAN,2021
32072021,32,JAWA BARAT,3207,KABUPATEN CIAMIS,PEREMPUAN,SLTP,0,KORBAN,2021
32072021,32,JAWA BARAT,3207,KABUPATEN CIAMIS,PEREMPUAN,SLTA,0,KORBAN,2021
32072021,32,JAWA BARAT,3207,KABUPATEN CIAMIS,PEREMPUAN,PERGURUAN TINGGI,0,KORBAN,2021
32082021,32,JAWA BARAT,3208,KABUPATEN KUNINGAN,LAKI-LAKI,NA,0,KORBAN,2021
32082021,32,JAWA BARAT,3208,KABUPATEN KUNINGAN,LAKI-LAKI,TIDAK SEKOLAH,0,KORBAN,2021
32082021,32,JAWA BARAT,3208,KABUPATEN KUNINGAN,LAKI-LAKI,TK,0,KORBAN,2021
32082021,32,JAWA BARAT,3208,KABUPATEN KUNINGAN,LAKI-LAKI,PAUD,0,KORBAN,2021
32082021,32,JAWA BARAT,3208,KABUPATEN KUNINGAN,LAKI-LAKI,SD,0,KORBAN,2021
32082021,32,JAWA BARAT,3208,KABUPATEN KUNINGAN,LAKI-LAKI,SLTP,0,KORBAN,2021
32082021,32,JAWA BARAT,3208,KABUPATEN KUNINGAN,LAKI-LAKI,SLTA,0,KORBAN,2021
32082021,32,JAWA BARAT,3208,KABUPATEN KUNINGAN,LAKI-LAKI,PERGURUAN TINGGI,0,KORBAN,2021
32082021,32,JAWA BARAT,3208,KABUPATEN KUNINGAN,PEREMPUAN,NA,0,KORBAN,2021
32082021,32,JAWA BARAT,3208,KABUPATEN KUNINGAN,PEREMPUAN,TIDAK SEKOLAH,0,KORBAN,2021
32082021,32,JAWA BARAT,3208,KABUPATEN KUNINGAN,PEREMPUAN,TK,0,KORBAN,2021
32082021,32,JAWA BARAT,3208,KABUPATEN KUNINGAN,PEREMPUAN,PAUD,0,KORBAN,2021
32082021,32,JAWA BARAT,3208,KABUPATEN KUNINGAN,PEREMPUAN,SD,0,KORBAN,2021
32082021,32,JAWA BARAT,3208,KABUPATEN KUNINGAN,PEREMPUAN,SLTP,0,KORBAN,2021
32082021,32,JAWA BARAT,3208,KABUPATEN KUNINGAN,PEREMPUAN,SLTA,0,KORBAN,2021
32082021,32,JAWA BARAT,3208,KABUPATEN KUNINGAN,PEREMPUAN,PERGURUAN TINGGI,0,KORBAN,2021
32092021,32,JAWA BARAT,3209,KABUPATEN CIREBON,LAKI-LAKI,NA,1,KORBAN,2021
32092021,32,JAWA BARAT,3209,KABUPATEN CIREBON,LAKI-LAKI,TIDAK SEKOLAH,0,KORBAN,2021
32092021,32,JAWA BARAT,3209,KABUPATEN CIREBON,LAKI-LAKI,TK,0,KORBAN,2021
32092021,32,JAWA BARAT,3209,KABUPATEN CIREBON,LAKI-LAKI,PAUD,0,KORBAN,2021
32092021,32,JAWA BARAT,3209,KABUPATEN CIREBON,LAKI-LAKI,SD,1,KORBAN,2021
32092021,32,JAWA BARAT,3209,KABUPATEN CIREBON,LAKI-LAKI,SLTP,0,KORBAN,2021
32092021,32,JAWA BARAT,3209,KABUPATEN CIREBON,LAKI-LAKI,SLTA,0,KORBAN,2021
32092021,32,JAWA BARAT,3209,KABUPATEN CIREBON,LAKI-LAKI,PERGURUAN TINGGI,0,KORBAN,2021
32092021,32,JAWA BARAT,3209,KABUPATEN CIREBON,PEREMPUAN,NA,3,KORBAN,2021
32092021,32,JAWA BARAT,3209,KABUPATEN CIREBON,PEREMPUAN,TIDAK SEKOLAH,0,KORBAN,2021
32092021,32,JAWA BARAT,3209,KABUPATEN CIREBON,PEREMPUAN,TK,0,KORBAN,2021
32092021,32,JAWA BARAT,3209,KABUPATEN CIREBON,PEREMPUAN,PAUD,0,KORBAN,2021
32092021,32,JAWA BARAT,3209,KABUPATEN CIREBON,PEREMPUAN,SD,0,KORBAN,2021
32092021,32,JAWA BARAT,3209,KABUPATEN CIREBON,PEREMPUAN,SLTP,1,KORBAN,2021
32092021,32,JAWA BARAT,3209,KABUPATEN CIREBON,PEREMPUAN,SLTA,1,KORBAN,2021
32092021,32,JAWA BARAT,3209,KABUPATEN CIREBON,PEREMPUAN,PERGURUAN TINGGI,0,KORBAN,2021
32102021,32,JAWA BARAT,3210,KABUPATEN MAJALENGKA,LAKI-LAKI,NA,0,KORBAN,2021
32102021,32,JAWA BARAT,3210,KABUPATEN MAJALENGKA,LAKI-LAKI,TIDAK SEKOLAH,0,KORBAN,2021
32102021,32,JAWA BARAT,3210,KABUPATEN MAJALENGKA,LAKI-LAKI,TK,0,KORBAN,2021
32102021,32,JAWA BARAT,3210,KABUPATEN MAJALENGKA,LAKI-LAKI,PAUD,0,KORBAN,2021
32102021,32,JAWA BARAT,3210,KABUPATEN MAJALENGKA,LAKI-LAKI,SD,0,KORBAN,2021
32102021,32,JAWA BARAT,3210,KABUPATEN MAJALENGKA,LAKI-LAKI,SLTP,0,KORBAN,2021
32102021,32,JAWA BARAT,3210,KABUPATEN MAJALENGKA,LAKI-LAKI,SLTA,0,KORBAN,2021
32102021,32,JAWA BARAT,3210,KABUPATEN MAJALENGKA,LAKI-LAKI,PERGURUAN TINGGI,0,KORBAN,2021
32102021,32,JAWA BARAT,3210,KABUPATEN MAJALENGKA,PEREMPUAN,NA,0,KORBAN,2021
32102021,32,JAWA BARAT,3210,KABUPATEN MAJALENGKA,PEREMPUAN,TIDAK SEKOLAH,0,KORBAN,2021
32102021,32,JAWA BARAT,3210,KABUPATEN MAJALENGKA,PEREMPUAN,TK,0,KORBAN,2021
32102021,32,JAWA BARAT,3210,KABUPATEN MAJALENGKA,PEREMPUAN,PAUD,0,KORBAN,2021
32102021,32,JAWA BARAT,3210,KABUPATEN MAJALENGKA,PEREMPUAN,SD,4,KORBAN,2021
32102021,32,JAWA BARAT,3210,KABUPATEN MAJALENGKA,PEREMPUAN,SLTP,1,KORBAN,2021
32102021,32,JAWA BARAT,3210,KABUPATEN MAJALENGKA,PEREMPUAN,SLTA,0,KORBAN,2021
32102021,32,JAWA BARAT,3210,KABUPATEN MAJALENGKA,PEREMPUAN,PERGURUAN TINGGI,0,KORBAN,2021
32112021,32,JAWA BARAT,3211,KABUPATEN SUMEDANG,LAKI-LAKI,NA,0,KORBAN,2021
32112021,32,JAWA BARAT,3211,KABUPATEN SUMEDANG,LAKI-LAKI,TIDAK SEKOLAH,0,KORBAN,2021
32112021,32,JAWA BARAT,3211,KABUPATEN SUMEDANG,LAKI-LAKI,TK,0,KORBAN,2021
32112021,32,JAWA BARAT,3211,KABUPATEN SUMEDANG,LAKI-LAKI,PAUD,0,KORBAN,2021
32112021,32,JAWA BARAT,3211,KABUPATEN SUMEDANG,LAKI-LAKI,SD,0,KORBAN,2021
32112021,32,JAWA BARAT,3211,KABUPATEN SUMEDANG,LAKI-LAKI,SLTP,0,KORBAN,2021
32112021,32,JAWA BARAT,3211,KABUPATEN SUMEDANG,LAKI-LAKI,SLTA,0,KORBAN,2021
32112021,32,JAWA BARAT,3211,KABUPATEN SUMEDANG,LAKI-LAKI,PERGURUAN TINGGI,0,KORBAN,2021
32112021,32,JAWA BARAT,3211,KABUPATEN SUMEDANG,PEREMPUAN,NA,0,KORBAN,2021
32112021,32,JAWA BARAT,3211,KABUPATEN SUMEDANG,PEREMPUAN,TIDAK SEKOLAH,0,KORBAN,2021
32112021,32,JAWA BARAT,3211,KABUPATEN SUMEDANG,PEREMPUAN,TK,0,KORBAN,2021
32112021,32,JAWA BARAT,3211,KABUPATEN SUMEDANG,PEREMPUAN,PAUD,0,KORBAN,2021
32112021,32,JAWA BARAT,3211,KABUPATEN SUMEDANG,PEREMPUAN,SD,0,KORBAN,2021
32112021,32,JAWA BARAT,3211,KABUPATEN SUMEDANG,PEREMPUAN,SLTP,1,KORBAN,2021
32112021,32,JAWA BARAT,3211,KABUPATEN SUMEDANG,PEREMPUAN,SLTA,0,KORBAN,2021
32112021,32,JAWA BARAT,3211,KABUPATEN SUMEDANG,PEREMPUAN,PERGURUAN TINGGI,0,KORBAN,2021
32122021,32,JAWA BARAT,3212,KABUPATEN INDRAMAYU,LAKI-LAKI,NA,0,KORBAN,2021
32122021,32,JAWA BARAT,3212,KABUPATEN INDRAMAYU,LAKI-LAKI,TIDAK SEKOLAH,0,KORBAN,2021
32122021,32,JAWA BARAT,3212,KABUPATEN INDRAMAYU,LAKI-LAKI,TK,0,KORBAN,2021
32122021,32,JAWA BARAT,3212,KABUPATEN INDRAMAYU,LAKI-LAKI,PAUD,0,KORBAN,2021
32122021,32,JAWA BARAT,3212,KABUPATEN INDRAMAYU,LAKI-LAKI,SD,2,KORBAN,2021
32122021,32,JAWA BARAT,3212,KABUPATEN INDRAMAYU,LAKI-LAKI,SLTP,0,KORBAN,2021
32122021,32,JAWA BARAT,3212,KABUPATEN INDRAMAYU,LAKI-LAKI,SLTA,0,KORBAN,2021
32122021,32,JAWA BARAT,3212,KABUPATEN INDRAMAYU,LAKI-LAKI,PERGURUAN TINGGI,0,KORBAN,2021
32122021,32,JAWA BARAT,3212,KABUPATEN INDRAMAYU,PEREMPUAN,NA,1,KORBAN,2021
32122021,32,JAWA BARAT,3212,KABUPATEN INDRAMAYU,PEREMPUAN,TIDAK SEKOLAH,0,KORBAN,2021
32122021,32,JAWA BARAT,3212,KABUPATEN INDRAMAYU,PEREMPUAN,TK,0,KORBAN,2021
32122021,32,JAWA BARAT,3212,KABUPATEN INDRAMAYU,PEREMPUAN,PAUD,0,KORBAN,2021
32122021,32,JAWA BARAT,3212,KABUPATEN INDRAMAYU,PEREMPUAN,SD,1,KORBAN,2021
32122021,32,JAWA BARAT,3212,KABUPATEN INDRAMAYU,PEREMPUAN,SLTP,1,KORBAN,2021
32122021,32,JAWA BARAT,3212,KABUPATEN INDRAMAYU,PEREMPUAN,SLTA,4,KORBAN,2021
32122021,32,JAWA BARAT,3212,KABUPATEN INDRAMAYU,PEREMPUAN,PERGURUAN TINGGI,0,KORBAN,2021
32132021,32,JAWA BARAT,3213,KABUPATEN SUBANG,LAKI-LAKI,NA,0,KORBAN,2021
32132021,32,JAWA BARAT,3213,KABUPATEN SUBANG,LAKI-LAKI,TIDAK SEKOLAH,0,KORBAN,2021
32132021,32,JAWA BARAT,3213,KABUPATEN SUBANG,LAKI-LAKI,TK,0,KORBAN,2021
32132021,32,JAWA BARAT,3213,KABUPATEN SUBANG,LAKI-LAKI,PAUD,0,KORBAN,2021
32132021,32,JAWA BARAT,3213,KABUPATEN SUBANG,LAKI-LAKI,SD,0,KORBAN,2021
32132021,32,JAWA BARAT,3213,KABUPATEN SUBANG,LAKI-LAKI,SLTP,0,KORBAN,2021
32132021,32,JAWA BARAT,3213,KABUPATEN SUBANG,LAKI-LAKI,SLTA,0,KORBAN,2021
32132021,32,JAWA BARAT,3213,KABUPATEN SUBANG,LAKI-LAKI,PERGURUAN TINGGI,0,KORBAN,2021
32132021,32,JAWA BARAT,3213,KABUPATEN SUBANG,PEREMPUAN,NA,0,KORBAN,2021
32132021,32,JAWA BARAT,3213,KABUPATEN SUBANG,PEREMPUAN,TIDAK SEKOLAH,0,KORBAN,2021
32132021,32,JAWA BARAT,3213,KABUPATEN SUBANG,PEREMPUAN,TK,0,KORBAN,2021
32132021,32,JAWA BARAT,3213,KABUPATEN SUBANG,PEREMPUAN,PAUD,0,KORBAN,2021
32132021,32,JAWA BARAT,3213,KABUPATEN SUBANG,PEREMPUAN,SD,0,KORBAN,2021
32132021,32,JAWA BARAT,3213,KABUPATEN SUBANG,PEREMPUAN,SLTP,0,KORBAN,2021
32132021,32,JAWA BARAT,3213,KABUPATEN SUBANG,PEREMPUAN,SLTA,0,KORBAN,2021
32132021,32,JAWA BARAT,3213,KABUPATEN SUBANG,PEREMPUAN,PERGURUAN TINGGI,0,KORBAN,2021
32142021,32,JAWA BARAT,3214,KABUPATEN PURWAKARTA,LAKI-LAKI,NA,0,KORBAN,2021
32142021,32,JAWA BARAT,3214,KABUPATEN PURWAKARTA,LAKI-LAKI,TIDAK SEKOLAH,0,KORBAN,2021
32142021,32,JAWA BARAT,3214,KABUPATEN PURWAKARTA,LAKI-LAKI,TK,0,KORBAN,2021
32142021,32,JAWA BARAT,3214,KABUPATEN PURWAKARTA,LAKI-LAKI,PAUD,0,KORBAN,2021
32142021,32,JAWA BARAT,3214,KABUPATEN PURWAKARTA,LAKI-LAKI,SD,0,KORBAN,2021
32142021,32,JAWA BARAT,3214,KABUPATEN PURWAKARTA,LAKI-LAKI,SLTP,0,KORBAN,2021
32142021,32,JAWA BARAT,3214,KABUPATEN PURWAKARTA,LAKI-LAKI,SLTA,0,KORBAN,2021
32142021,32,JAWA BARAT,3214,KABUPATEN PURWAKARTA,LAKI-LAKI,PERGURUAN TINGGI,0,KORBAN,2021
32142021,32,JAWA BARAT,3214,KABUPATEN PURWAKARTA,PEREMPUAN,NA,0,KORBAN,2021
32142021,32,JAWA BARAT,3214,KABUPATEN PURWAKARTA,PEREMPUAN,TIDAK SEKOLAH,0,KORBAN,2021
32142021,32,JAWA BARAT,3214,KABUPATEN PURWAKARTA,PEREMPUAN,TK,0,KORBAN,2021
32142021,32,JAWA BARAT,3214,KABUPATEN PURWAKARTA,PEREMPUAN,PAUD,0,KORBAN,2021
32142021,32,JAWA BARAT,3214,KABUPATEN PURWAKARTA,PEREMPUAN,SD,0,KORBAN,2021
32142021,32,JAWA BARAT,3214,KABUPATEN PURWAKARTA,PEREMPUAN,SLTP,0,KORBAN,2021
32142021,32,JAWA BARAT,3214,KABUPATEN PURWAKARTA,PEREMPUAN,SLTA,0,KORBAN,2021
32142021,32,JAWA BARAT,3214,KABUPATEN PURWAKARTA,PEREMPUAN,PERGURUAN TINGGI,0,KORBAN,2021
32152021,32,JAWA BARAT,3215,KABUPATEN KARAWANG,LAKI-LAKI,NA,3,KORBAN,2021
32152021,32,JAWA BARAT,3215,KABUPATEN KARAWANG,LAKI-LAKI,TIDAK SEKOLAH,0,KORBAN,2021
32152021,32,JAWA BARAT,3215,KABUPATEN KARAWANG,LAKI-LAKI,TK,0,KORBAN,2021
32152021,32,JAWA BARAT,3215,KABUPATEN KARAWANG,LAKI-LAKI,PAUD,0,KORBAN,2021
32152021,32,JAWA BARAT,3215,KABUPATEN KARAWANG,LAKI-LAKI,SD,0,KORBAN,2021
32152021,32,JAWA BARAT,3215,KABUPATEN KARAWANG,LAKI-LAKI,SLTP,0,KORBAN,2021
32152021,32,JAWA BARAT,3215,KABUPATEN KARAWANG,LAKI-LAKI,SLTA,0,KORBAN,2021
32152021,32,JAWA BARAT,3215,KABUPATEN KARAWANG,LAKI-LAKI,PERGURUAN TINGGI,0,KORBAN,2021
32152021,32,JAWA BARAT,3215,KABUPATEN KARAWANG,PEREMPUAN,NA,1,KORBAN,2021
32152021,32,JAWA BARAT,3215,KABUPATEN KARAWANG,PEREMPUAN,TIDAK SEKOLAH,0,KORBAN,2021
32152021,32,JAWA BARAT,3215,KABUPATEN KARAWANG,PEREMPUAN,TK,0,KORBAN,2021
32152021,32,JAWA BARAT,3215,KABUPATEN KARAWANG,PEREMPUAN,PAUD,0,KORBAN,2021
32152021,32,JAWA BARAT,3215,KABUPATEN KARAWANG,PEREMPUAN,SD,0,KORBAN,2021
32152021,32,JAWA BARAT,3215,KABUPATEN KARAWANG,PEREMPUAN,SLTP,2,KORBAN,2021
32152021,32,JAWA BARAT,3215,KABUPATEN KARAWANG,PEREMPUAN,SLTA,0,KORBAN,2021
32152021,32,JAWA BARAT,3215,KABUPATEN KARAWANG,PEREMPUAN,PERGURUAN TINGGI,0,KORBAN,2021
32162021,32,JAWA BARAT,3216,KABUPATEN BEKASI,LAKI-LAKI,NA,0,KORBAN,2021
32162021,32,JAWA BARAT,3216,KABUPATEN BEKASI,LAKI-LAKI,TIDAK SEKOLAH,0,KORBAN,2021
32162021,32,JAWA BARAT,3216,KABUPATEN BEKASI,LAKI-LAKI,TK,0,KORBAN,2021
32162021,32,JAWA BARAT,3216,KABUPATEN BEKASI,LAKI-LAKI,PAUD,0,KORBAN,2021
32162021,32,JAWA BARAT,3216,KABUPATEN BEKASI,LAKI-LAKI,SD,2,KORBAN,2021
32162021,32,JAWA BARAT,3216,KABUPATEN BEKASI,LAKI-LAKI,SLTP,0,KORBAN,2021
32162021,32,JAWA BARAT,3216,KABUPATEN BEKASI,LAKI-LAKI,SLTA,1,KORBAN,2021
32162021,32,JAWA BARAT,3216,KABUPATEN BEKASI,LAKI-LAKI,PERGURUAN TINGGI,0,KORBAN,2021
32162021,32,JAWA BARAT,3216,KABUPATEN BEKASI,PEREMPUAN,NA,1,KORBAN,2021
32162021,32,JAWA BARAT,3216,KABUPATEN BEKASI,PEREMPUAN,TIDAK SEKOLAH,0,KORBAN,2021
32162021,32,JAWA BARAT,3216,KABUPATEN BEKASI,PEREMPUAN,TK,1,KORBAN,2021
32162021,32,JAWA BARAT,3216,KABUPATEN BEKASI,PEREMPUAN,PAUD,1,KORBAN,2021
32162021,32,JAWA BARAT,3216,KABUPATEN BEKASI,PEREMPUAN,SD,2,KORBAN,2021
32162021,32,JAWA BARAT,3216,KABUPATEN BEKASI,PEREMPUAN,SLTP,0,KORBAN,2021
32162021,32,JAWA BARAT,3216,KABUPATEN BEKASI,PEREMPUAN,SLTA,12,KORBAN,2021
32162021,32,JAWA BARAT,3216,KABUPATEN BEKASI,PEREMPUAN,PERGURUAN TINGGI,4,KORBAN,2021
32172021,32,JAWA BARAT,3217,KABUPATEN BANDUNG BARAT,LAKI-LAKI,NA,0,KORBAN,2021
32172021,32,JAWA BARAT,3217,KABUPATEN BANDUNG BARAT,LAKI-LAKI,TIDAK SEKOLAH,0,KORBAN,2021
32172021,32,JAWA BARAT,3217,KABUPATEN BANDUNG BARAT,LAKI-LAKI,TK,0,KORBAN,2021
32172021,32,JAWA BARAT,3217,KABUPATEN BANDUNG BARAT,LAKI-LAKI,PAUD,0,KORBAN,2021
32172021,32,JAWA BARAT,3217,KABUPATEN BANDUNG BARAT,LAKI-LAKI,SD,0,KORBAN,2021
32172021,32,JAWA BARAT,3217,KABUPATEN BANDUNG BARAT,LAKI-LAKI,SLTP,0,KORBAN,2021
32172021,32,JAWA BARAT,3217,KABUPATEN BANDUNG BARAT,LAKI-LAKI,SLTA,0,KORBAN,2021
32172021,32,JAWA BARAT,3217,KABUPATEN BANDUNG BARAT,LAKI-LAKI,PERGURUAN TINGGI,0,KORBAN,2021
32172021,32,JAWA BARAT,3217,KABUPATEN BANDUNG BARAT,PEREMPUAN,NA,3,KORBAN,2021
32172021,32,JAWA BARAT,3217,KABUPATEN BANDUNG BARAT,PEREMPUAN,TIDAK SEKOLAH,2,KORBAN,2021
32172021,32,JAWA BARAT,3217,KABUPATEN BANDUNG BARAT,PEREMPUAN,TK,0,KORBAN,2021
32172021,32,JAWA BARAT,3217,KABUPATEN BANDUNG BARAT,PEREMPUAN,PAUD,0,KORBAN,2021
32172021,32,JAWA BARAT,3217,KABUPATEN BANDUNG BARAT,PEREMPUAN,SD,0,KORBAN,2021
32172021,32,JAWA BARAT,3217,KABUPATEN BANDUNG BARAT,PEREMPUAN,SLTP,1,KORBAN,2021
32172021,32,JAWA BARAT,3217,KABUPATEN BANDUNG BARAT,PEREMPUAN,SLTA,0,KORBAN,2021
32172021,32,JAWA BARAT,3217,KABUPATEN BANDUNG BARAT,PEREMPUAN,PERGURUAN TINGGI,1,KORBAN,2021
32182021,32,JAWA BARAT,3218,KABUPATEN PANGANDARAN,LAKI-LAKI,NA,0,KORBAN,2021
32182021,32,JAWA BARAT,3218,KABUPATEN PANGANDARAN,LAKI-LAKI,TIDAK SEKOLAH,0,KORBAN,2021
32182021,32,JAWA BARAT,3218,KABUPATEN PANGANDARAN,LAKI-LAKI,TK,0,KORBAN,2021
32182021,32,JAWA BARAT,3218,KABUPATEN PANGANDARAN,LAKI-LAKI,PAUD,0,KORBAN,2021
32182021,32,JAWA BARAT,3218,KABUPATEN PANGANDARAN,LAKI-LAKI,SD,0,KORBAN,2021
32182021,32,JAWA BARAT,3218,KABUPATEN PANGANDARAN,LAKI-LAKI,SLTP,0,KORBAN,2021
32182021,32,JAWA BARAT,3218,KABUPATEN PANGANDARAN,LAKI-LAKI,SLTA,0,KORBAN,2021
32182021,32,JAWA BARAT,3218,KABUPATEN PANGANDARAN,LAKI-LAKI,PERGURUAN TINGGI,0,KORBAN,2021
32182021,32,JAWA BARAT,3218,KABUPATEN PANGANDARAN,PEREMPUAN,NA,0,KORBAN,2021
32182021,32,JAWA BARAT,3218,KABUPATEN PANGANDARAN,PEREMPUAN,TIDAK SEKOLAH,0,KORBAN,2021
32182021,32,JAWA BARAT,3218,KABUPATEN PANGANDARAN,PEREMPUAN,TK,0,KORBAN,2021
32182021,32,JAWA BARAT,3218,KABUPATEN PANGANDARAN,PEREMPUAN,PAUD,0,KORBAN,2021
32182021,32,JAWA BARAT,3218,KABUPATEN PANGANDARAN,PEREMPUAN,SD,0,KORBAN,2021
32182021,32,JAWA BARAT,3218,KABUPATEN PANGANDARAN,PEREMPUAN,SLTP,2,KORBAN,2021
32182021,32,JAWA BARAT,3218,KABUPATEN PANGANDARAN,PEREMPUAN,SLTA,1,KORBAN,2021
32182021,32,JAWA BARAT,3218,KABUPATEN PANGANDARAN,PEREMPUAN,PERGURUAN TINGGI,0,KORBAN,2021
32712021,32,JAWA BARAT,3271,KOTA BOGOR,LAKI-LAKI,NA,0,KORBAN,2021
32712021,32,JAWA BARAT,3271,KOTA BOGOR,LAKI-LAKI,TIDAK SEKOLAH,1,KORBAN,2021
32712021,32,JAWA BARAT,3271,KOTA BOGOR,LAKI-LAKI,TK,0,KORBAN,2021
32712021,32,JAWA BARAT,3271,KOTA BOGOR,LAKI-LAKI,PAUD,0,KORBAN,2021
32712021,32,JAWA BARAT,3271,KOTA BOGOR,LAKI-LAKI,SD,1,KORBAN,2021
32712021,32,JAWA BARAT,3271,KOTA BOGOR,LAKI-LAKI,SLTP,0,KORBAN,2021
32712021,32,JAWA BARAT,3271,KOTA BOGOR,LAKI-LAKI,SLTA,1,KORBAN,2021
32712021,32,JAWA BARAT,3271,KOTA BOGOR,LAKI-LAKI,PERGURUAN TINGGI,0,KORBAN,2021
32712021,32,JAWA BARAT,3271,KOTA BOGOR,PEREMPUAN,NA,2,KORBAN,2021
32712021,32,JAWA BARAT,3271,KOTA BOGOR,PEREMPUAN,TIDAK SEKOLAH,0,KORBAN,2021
32712021,32,JAWA BARAT,3271,KOTA BOGOR,PEREMPUAN,TK,0,KORBAN,2021
32712021,32,JAWA BARAT,3271,KOTA BOGOR,PEREMPUAN,PAUD,0,KORBAN,2021
32712021,32,JAWA BARAT,3271,KOTA BOGOR,PEREMPUAN,SD,3,KORBAN,2021
32712021,32,JAWA BARAT,3271,KOTA BOGOR,PEREMPUAN,SLTP,3,KORBAN,2021
32712021,32,JAWA BARAT,3271,KOTA BOGOR,PEREMPUAN,SLTA,12,KORBAN,2021
32712021,32,JAWA BARAT,3271,KOTA BOGOR,PEREMPUAN,PERGURUAN TINGGI,5,KORBAN,2021
32722021,32,JAWA BARAT,3272,KOTA SUKABUMI,LAKI-LAKI,NA,0,KORBAN,2021
32722021,32,JAWA BARAT,3272,KOTA SUKABUMI,LAKI-LAKI,TIDAK SEKOLAH,0,KORBAN,2021
32722021,32,JAWA BARAT,3272,KOTA SUKABUMI,LAKI-LAKI,TK,0,KORBAN,2021
32722021,32,JAWA BARAT,3272,KOTA SUKABUMI,LAKI-LAKI,PAUD,0,KORBAN,2021
32722021,32,JAWA BARAT,3272,KOTA SUKABUMI,LAKI-LAKI,SD,0,KORBAN,2021
32722021,32,JAWA BARAT,3272,KOTA SUKABUMI,LAKI-LAKI,SLTP,0,KORBAN,2021
32722021,32,JAWA BARAT,3272,KOTA SUKABUMI,LAKI-LAKI,SLTA,0,KORBAN,2021
32722021,32,JAWA BARAT,3272,KOTA SUKABUMI,LAKI-LAKI,PERGURUAN TINGGI,0,KORBAN,2021
32722021,32,JAWA BARAT,3272,KOTA SUKABUMI,PEREMPUAN,NA,2,KORBAN,2021
32722021,32,JAWA BARAT,3272,KOTA SUKABUMI,PEREMPUAN,TIDAK SEKOLAH,1,KORBAN,2021
32722021,32,JAWA BARAT,3272,KOTA SUKABUMI,PEREMPUAN,TK,0,KORBAN,2021
32722021,32,JAWA BARAT,3272,KOTA SUKABUMI,PEREMPUAN,PAUD,0,KORBAN,2021
32722021,32,JAWA BARAT,3272,KOTA SUKABUMI,PEREMPUAN,SD,0,KORBAN,2021
32722021,32,JAWA BARAT,3272,KOTA SUKABUMI,PEREMPUAN,SLTP,1,KORBAN,2021
32722021,32,JAWA BARAT,3272,KOTA SUKABUMI,PEREMPUAN,SLTA,3,KORBAN,2021
32722021,32,JAWA BARAT,3272,KOTA SUKABUMI,PEREMPUAN,PERGURUAN TINGGI,1,KORBAN,2021
32732021,32,JAWA BARAT,3273,KOTA BANDUNG,LAKI-LAKI,NA,1,KORBAN,2021
32732021,32,JAWA BARAT,3273,KOTA BANDUNG,LAKI-LAKI,TIDAK SEKOLAH,1,KORBAN,2021
32732021,32,JAWA BARAT,3273,KOTA BANDUNG,LAKI-LAKI,TK,0,KORBAN,2021
32732021,32,JAWA BARAT,3273,KOTA BANDUNG,LAKI-LAKI,PAUD,0,KORBAN,2021
32732021,32,JAWA BARAT,3273,KOTA BANDUNG,LAKI-LAKI,SD,0,KORBAN,2021
32732021,32,JAWA BARAT,3273,KOTA BANDUNG,LAKI-LAKI,SLTP,1,KORBAN,2021
32732021,32,JAWA BARAT,3273,KOTA BANDUNG,LAKI-LAKI,SLTA,1,KORBAN,2021
32732021,32,JAWA BARAT,3273,KOTA BANDUNG,LAKI-LAKI,PERGURUAN TINGGI,1,KORBAN,2021
32732021,32,JAWA BARAT,3273,KOTA BANDUNG,PEREMPUAN,NA,12,KORBAN,2021
32732021,32,JAWA BARAT,3273,KOTA BANDUNG,PEREMPUAN,TIDAK SEKOLAH,4,KORBAN,2021
32732021,32,JAWA BARAT,3273,KOTA BANDUNG,PEREMPUAN,TK,2,KORBAN,2021
32732021,32,JAWA BARAT,3273,KOTA BANDUNG,PEREMPUAN,PAUD,0,KORBAN,2021
32732021,32,JAWA BARAT,3273,KOTA BANDUNG,PEREMPUAN,SD,4,KORBAN,2021
32732021,32,JAWA BARAT,3273,KOTA BANDUNG,PEREMPUAN,SLTP,6,KORBAN,2021
32732021,32,JAWA BARAT,3273,KOTA BANDUNG,PEREMPUAN,SLTA,19,KORBAN,2021
32732021,32,JAWA BARAT,3273,KOTA BANDUNG,PEREMPUAN,PERGURUAN TINGGI,12,KORBAN,2021
32742021,32,JAWA BARAT,3274,KOTA CIREBON,LAKI-LAKI,NA,1,KORBAN,2021
32742021,32,JAWA BARAT,3274,KOTA CIREBON,LAKI-LAKI,TIDAK SEKOLAH,0,KORBAN,2021
32742021,32,JAWA BARAT,3274,KOTA CIREBON,LAKI-LAKI,TK,0,KORBAN,2021
32742021,32,JAWA BARAT,3274,KOTA CIREBON,LAKI-LAKI,PAUD,0,KORBAN,2021
32742021,32,JAWA BARAT,3274,KOTA CIREBON,LAKI-LAKI,SD,0,KORBAN,2021
32742021,32,JAWA BARAT,3274,KOTA CIREBON,LAKI-LAKI,SLTP,0,KORBAN,2021
32742021,32,JAWA BARAT,3274,KOTA CIREBON,LAKI-LAKI,SLTA,0,KORBAN,2021
32742021,32,JAWA BARAT,3274,KOTA CIREBON,LAKI-LAKI,PERGURUAN TINGGI,0,KORBAN,2021
32742021,32,JAWA BARAT,3274,KOTA CIREBON,PEREMPUAN,NA,0,KORBAN,2021
32742021,32,JAWA BARAT,3274,KOTA CIREBON,PEREMPUAN,TIDAK SEKOLAH,0,KORBAN,2021
32742021,32,JAWA BARAT,3274,KOTA CIREBON,PEREMPUAN,TK,0,KORBAN,2021
32742021,32,JAWA BARAT,3274,KOTA CIREBON,PEREMPUAN,PAUD,0,KORBAN,2021
32742021,32,JAWA BARAT,3274,KOTA CIREBON,PEREMPUAN,SD,0,KORBAN,2021
32742021,32,JAWA BARAT,3274,KOTA CIREBON,PEREMPUAN,SLTP,0,KORBAN,2021
32742021,32,JAWA BARAT,3274,KOTA CIREBON,PEREMPUAN,SLTA,0,KORBAN,2021
32742021,32,JAWA BARAT,3274,KOTA CIREBON,PEREMPUAN,PERGURUAN TINGGI,0,KORBAN,2021
32752021,32,JAWA BARAT,3275,KOTA BEKASI,LAKI-LAKI,NA,0,KORBAN,2021
32752021,32,JAWA BARAT,3275,KOTA BEKASI,LAKI-LAKI,TIDAK SEKOLAH,0,KORBAN,2021
32752021,32,JAWA BARAT,3275,KOTA BEKASI,LAKI-LAKI,TK,0,KORBAN,2021
32752021,32,JAWA BARAT,3275,KOTA BEKASI,LAKI-LAKI,PAUD,0,KORBAN,2021
32752021,32,JAWA BARAT,3275,KOTA BEKASI,LAKI-LAKI,SD,0,KORBAN,2021
32752021,32,JAWA BARAT,3275,KOTA BEKASI,LAKI-LAKI,SLTP,0,KORBAN,2021
32752021,32,JAWA BARAT,3275,KOTA BEKASI,LAKI-LAKI,SLTA,0,KORBAN,2021
32752021,32,JAWA BARAT,3275,KOTA BEKASI,LAKI-LAKI,PERGURUAN TINGGI,0,KORBAN,2021
32752021,32,JAWA BARAT,3275,KOTA BEKASI,PEREMPUAN,NA,2,KORBAN,2021
32752021,32,JAWA BARAT,3275,KOTA BEKASI,PEREMPUAN,TIDAK SEKOLAH,0,KORBAN,2021
32752021,32,JAWA BARAT,3275,KOTA BEKASI,PEREMPUAN,TK,0,KORBAN,2021
32752021,32,JAWA BARAT,3275,KOTA BEKASI,PEREMPUAN,PAUD,0,KORBAN,2021
32752021,32,JAWA BARAT,3275,KOTA BEKASI,PEREMPUAN,SD,0,KORBAN,2021
32752021,32,JAWA BARAT,3275,KOTA BEKASI,PEREMPUAN,SLTP,0,KORBAN,2021
32752021,32,JAWA BARAT,3275,KOTA BEKASI,PEREMPUAN,SLTA,0,KORBAN,2021
32752021,32,JAWA BARAT,3275,KOTA BEKASI,PEREMPUAN,PERGURUAN TINGGI,0,KORBAN,2021
32762021,32,JAWA BARAT,3276,KOTA DEPOK,LAKI-LAKI,NA,1,KORBAN,2021
32762021,32,JAWA BARAT,3276,KOTA DEPOK,LAKI-LAKI,TIDAK SEKOLAH,0,KORBAN,2021
32762021,32,JAWA BARAT,3276,KOTA DEPOK,LAKI-LAKI,TK,0,KORBAN,2021
32762021,32,JAWA BARAT,3276,KOTA DEPOK,LAKI-LAKI,PAUD,0,KORBAN,2021
32762021,32,JAWA BARAT,3276,KOTA DEPOK,LAKI-LAKI,SD,4,KORBAN,2021
32762021,32,JAWA BARAT,3276,KOTA DEPOK,LAKI-LAKI,SLTP,2,KORBAN,2021
32762021,32,JAWA BARAT,3276,KOTA DEPOK,LAKI-LAKI,SLTA,0,KORBAN,2021
32762021,32,JAWA BARAT,3276,KOTA DEPOK,LAKI-LAKI,PERGURUAN TINGGI,0,KORBAN,2021
32762021,32,JAWA BARAT,3276,KOTA DEPOK,PEREMPUAN,NA,5,KORBAN,2021
32762021,32,JAWA BARAT,3276,KOTA DEPOK,PEREMPUAN,TIDAK SEKOLAH,0,KORBAN,2021
32762021,32,JAWA BARAT,3276,KOTA DEPOK,PEREMPUAN,TK,0,KORBAN,2021
32762021,32,JAWA BARAT,3276,KOTA DEPOK,PEREMPUAN,PAUD,0,KORBAN,2021
32762021,32,JAWA BARAT,3276,KOTA DEPOK,PEREMPUAN,SD,12,KORBAN,2021
32762021,32,JAWA BARAT,3276,KOTA DEPOK,PEREMPUAN,SLTP,11,KORBAN,2021
32762021,32,JAWA BARAT,3276,KOTA DEPOK,PEREMPUAN,SLTA,28,KORBAN,2021
32762021,32,JAWA BARAT,3276,KOTA DEPOK,PEREMPUAN,PERGURUAN TINGGI,21,KORBAN,2021
32772021,32,JAWA BARAT,3277,KOTA CIMAHI,LAKI-LAKI,NA,0,KORBAN,2021
32772021,32,JAWA BARAT,3277,KOTA CIMAHI,LAKI-LAKI,TIDAK SEKOLAH,0,KORBAN,2021
32772021,32,JAWA BARAT,3277,KOTA CIMAHI,LAKI-LAKI,TK,0,KORBAN,2021
32772021,32,JAWA BARAT,3277,KOTA CIMAHI,LAKI-LAKI,PAUD,0,KORBAN,2021
32772021,32,JAWA BARAT,3277,KOTA CIMAHI,LAKI-LAKI,SD,0,KORBAN,2021
32772021,32,JAWA BARAT,3277,KOTA CIMAHI,LAKI-LAKI,SLTP,0,KORBAN,2021
32772021,32,JAWA BARAT,3277,KOTA CIMAHI,LAKI-LAKI,SLTA,0,KORBAN,2021
32772021,32,JAWA BARAT,3277,KOTA CIMAHI,LAKI-LAKI,PERGURUAN TINGGI,0,KORBAN,2021
32772021,32,JAWA BARAT,3277,KOTA CIMAHI,PEREMPUAN,NA,2,KORBAN,2021
32772021,32,JAWA BARAT,3277,KOTA CIMAHI,PEREMPUAN,TIDAK SEKOLAH,0,KORBAN,2021
32772021,32,JAWA BARAT,3277,KOTA CIMAHI,PEREMPUAN,TK,0,KORBAN,2021
32772021,32,JAWA BARAT,3277,KOTA CIMAHI,PEREMPUAN,PAUD,0,KORBAN,2021
32772021,32,JAWA BARAT,3277,KOTA CIMAHI,PEREMPUAN,SD,0,KORBAN,2021
32772021,32,JAWA BARAT,3277,KOTA CIMAHI,PEREMPUAN,SLTP,0,KORBAN,2021
32772021,32,JAWA BARAT,3277,KOTA CIMAHI,PEREMPUAN,SLTA,0,KORBAN,2021
32772021,32,JAWA BARAT,3277,KOTA CIMAHI,PEREMPUAN,PERGURUAN TINGGI,0,KORBAN,2021
32782021,32,JAWA BARAT,3278,KOTA TASIKMALAYA,LAKI-LAKI,NA,0,KORBAN,2021
32782021,32,JAWA BARAT,3278,KOTA TASIKMALAYA,LAKI-LAKI,TIDAK SEKOLAH,0,KORBAN,2021
32782021,32,JAWA BARAT,3278,KOTA TASIKMALAYA,LAKI-LAKI,TK,0,KORBAN,2021
32782021,32,JAWA BARAT,3278,KOTA TASIKMALAYA,LAKI-LAKI,PAUD,0,KORBAN,2021
32782021,32,JAWA BARAT,3278,KOTA TASIKMALAYA,LAKI-LAKI,SD,0,KORBAN,2021
32782021,32,JAWA BARAT,3278,KOTA TASIKMALAYA,LAKI-LAKI,SLTP,0,KORBAN,2021
32782021,32,JAWA BARAT,3278,KOTA TASIKMALAYA,LAKI-LAKI,SLTA,0,KORBAN,2021
32782021,32,JAWA BARAT,3278,KOTA TASIKMALAYA,LAKI-LAKI,PERGURUAN TINGGI,0,KORBAN,2021
32782021,32,JAWA BARAT,3278,KOTA TASIKMALAYA,PEREMPUAN,NA,0,KORBAN,2021
32782021,32,JAWA BARAT,3278,KOTA TASIKMALAYA,PEREMPUAN,TIDAK SEKOLAH,0,KORBAN,2021
32782021,32,JAWA BARAT,3278,KOTA TASIKMALAYA,PEREMPUAN,TK,0,KORBAN,2021
32782021,32,JAWA BARAT,3278,KOTA TASIKMALAYA,PEREMPUAN,PAUD,0,KORBAN,2021
32782021,32,JAWA BARAT,3278,KOTA TASIKMALAYA,PEREMPUAN,SD,1,KORBAN,2021
32782021,32,JAWA BARAT,3278,KOTA TASIKMALAYA,PEREMPUAN,SLTP,0,KORBAN,2021
32782021,32,JAWA BARAT,3278,KOTA TASIKMALAYA,PEREMPUAN,SLTA,0,KORBAN,2021
32782021,32,JAWA BARAT,3278,KOTA TASIKMALAYA,PEREMPUAN,PERGURUAN TINGGI,0,KORBAN,2021
32792021,32,JAWA BARAT,3279,KOTA BANJAR,LAKI-LAKI,NA,0,KORBAN,2021
32792021,32,JAWA BARAT,3279,KOTA BANJAR,LAKI-LAKI,TIDAK SEKOLAH,0,KORBAN,2021
32792021,32,JAWA BARAT,3279,KOTA BANJAR,LAKI-LAKI,TK,0,KORBAN,2021
32792021,32,JAWA BARAT,3279,KOTA BANJAR,LAKI-LAKI,PAUD,0,KORBAN,2021
32792021,32,JAWA BARAT,3279,KOTA BANJAR,LAKI-LAKI,SD,0,KORBAN,2021
32792021,32,JAWA BARAT,3279,KOTA BANJAR,LAKI-LAKI,SLTP,0,KORBAN,2021
32792021,32,JAWA BARAT,3279,KOTA BANJAR,LAKI-LAKI,SLTA,0,KORBAN,2021
32792021,32,JAWA BARAT,3279,KOTA BANJAR,LAKI-LAKI,PERGURUAN TINGGI,0,KORBAN,2021
32792021,32,JAWA BARAT,3279,KOTA BANJAR,PEREMPUAN,NA,1,KORBAN,2021
32792021,32,JAWA BARAT,3279,KOTA BANJAR,PEREMPUAN,TIDAK SEKOLAH,0,KORBAN,2021
32792021,32,JAWA BARAT,3279,KOTA BANJAR,PEREMPUAN,TK,0,KORBAN,2021
32792021,32,JAWA BARAT,3279,KOTA BANJAR,PEREMPUAN,PAUD,0,KORBAN,2021
32792021,32,JAWA BARAT,3279,KOTA BANJAR,PEREMPUAN,SD,0,KORBAN,2021
32792021,32,JAWA BARAT,3279,KOTA BANJAR,PEREMPUAN,SLTP,0,KORBAN,2021
32792021,32,JAWA BARAT,3279,KOTA BANJAR,PEREMPUAN,SLTA,0,KORBAN,2021
32792021,32,JAWA BARAT,3279,KOTA BANJAR,PEREMPUAN,PERGURUAN TINGGI,0,KORBAN,2021
