id,kode_provinsi,nama_provinsi,kode_kabupaten_kota,nama_kabupaten_kota,jenis_kelamin,kategori_usia,jumlah_korban,satuan,tahun
32012018,32,JAWA BARAT,3201,KABUPATEN BOGOR,LAKI-LAKI,0-5 TAHUN,0,ORANG,2018
32012018,32,JAWA BARAT,3201,KABUPATEN BOGOR,LAKI-LAKI,6-12 TAHUN,0,ORANG,2018
32012018,32,JAWA BARAT,3201,KABUPATEN BOGOR,LAKI-LAKI,13-17 TAHUN,0,ORANG,2018
32012018,32,JAWA BARAT,3201,KABUPATEN BOGOR,LAKI-LAKI,18-24 TAHUN,0,ORANG,2018
32012018,32,JAWA BARAT,3201,KABUPATEN BOGOR,LAKI-LAKI,25-44 TAHUN,0,ORANG,2018
32012018,32,JAWA BARAT,3201,KABUPATEN BOGOR,LAKI-LAKI,45-59 TAHUN,0,ORANG,2018
32012018,32,JAWA BARAT,3201,KABUPATEN BOGOR,LAKI-LAKI,60+ TAHUN,0,ORANG,2018
32012018,32,JAWA BARAT,3201,KABUPATEN BOGOR,PEREMPUAN,0-5 TAHUN,0,ORANG,2018
32012018,32,JAWA BARAT,3201,KABUPATEN BOGOR,PEREMPUAN,6-12 TAHUN,0,ORANG,2018
32012018,32,JAWA BARAT,3201,KABUPATEN BOGOR,PEREMPUAN,13-17 TAHUN,1,ORANG,2018
32012018,32,JAWA BARAT,3201,KABUPATEN BOGOR,PEREMPUAN,18-24 TAHUN,0,ORANG,2018
32012018,32,JAWA BARAT,3201,KABUPATEN BOGOR,PEREMPUAN,25-44 TAHUN,0,ORANG,2018
32012018,32,JAWA BARAT,3201,KABUPATEN BOGOR,PEREMPUAN,45-59 TAHUN,1,ORANG,2018
32012018,32,JAWA BARAT,3201,KABUPATEN BOGOR,PEREMPUAN,60+ TAHUN,0,ORANG,2018
32012021,32,JAWA BARAT,3201,KABUPATEN BOGOR,LAKI-LAKI,0-5 TAHUN,2,ORANG,2021
32012021,32,JAWA BARAT,3201,KABUPATEN BOGOR,LAKI-LAKI,6-12 TAHUN,0,ORANG,2021
32012021,32,JAWA BARAT,3201,KABUPATEN BOGOR,LAKI-LAKI,13-17 TAHUN,1,ORANG,2021
32012021,32,JAWA BARAT,3201,KABUPATEN BOGOR,LAKI-LAKI,18-24 TAHUN,0,ORANG,2021
32012021,32,JAWA BARAT,3201,KABUPATEN BOGOR,LAKI-LAKI,25-44 TAHUN,0,ORANG,2021
32012021,32,JAWA BARAT,3201,KABUPATEN BOGOR,LAKI-LAKI,45-59 TAHUN,0,ORANG,2021
32012021,32,JAWA BARAT,3201,KABUPATEN BOGOR,LAKI-LAKI,60+ TAHUN,0,ORANG,2021
32012021,32,JAWA BARAT,3201,KABUPATEN BOGOR,PEREMPUAN,0-5 TAHUN,1,ORANG,2021
32012021,32,JAWA BARAT,3201,KABUPATEN BOGOR,PEREMPUAN,6-12 TAHUN,2,ORANG,2021
32012021,32,JAWA BARAT,3201,KABUPATEN BOGOR,PEREMPUAN,13-17 TAHUN,7,ORANG,2021
32012021,32,JAWA BARAT,3201,KABUPATEN BOGOR,PEREMPUAN,18-24 TAHUN,4,ORANG,2021
32012021,32,JAWA BARAT,3201,KABUPATEN BOGOR,PEREMPUAN,25-44 TAHUN,3,ORANG,2021
32012021,32,JAWA BARAT,3201,KABUPATEN BOGOR,PEREMPUAN,45-59 TAHUN,0,ORANG,2021
32012021,32,JAWA BARAT,3201,KABUPATEN BOGOR,PEREMPUAN,60+ TAHUN,0,ORANG,2021
32022018,32,JAWA BARAT,3202,KABUPATEN SUKABUMI,LAKI-LAKI,0-5 TAHUN,0,ORANG,2018
32022018,32,JAWA BARAT,3202,KABUPATEN SUKABUMI,LAKI-LAKI,6-12 TAHUN,3,ORANG,2018
32022018,32,JAWA BARAT,3202,KABUPATEN SUKABUMI,LAKI-LAKI,13-17 TAHUN,2,ORANG,2018
32022018,32,JAWA BARAT,3202,KABUPATEN SUKABUMI,LAKI-LAKI,18-24 TAHUN,0,ORANG,2018
32022018,32,JAWA BARAT,3202,KABUPATEN SUKABUMI,LAKI-LAKI,25-44 TAHUN,0,ORANG,2018
32022018,32,JAWA BARAT,3202,KABUPATEN SUKABUMI,LAKI-LAKI,45-59 TAHUN,0,ORANG,2018
32022018,32,JAWA BARAT,3202,KABUPATEN SUKABUMI,LAKI-LAKI,60+ TAHUN,0,ORANG,2018
32022018,32,JAWA BARAT,3202,KABUPATEN SUKABUMI,PEREMPUAN,0-5 TAHUN,0,ORANG,2018
32022018,32,JAWA BARAT,3202,KABUPATEN SUKABUMI,PEREMPUAN,6-12 TAHUN,7,ORANG,2018
32022018,32,JAWA BARAT,3202,KABUPATEN SUKABUMI,PEREMPUAN,13-17 TAHUN,12,ORANG,2018
32022018,32,JAWA BARAT,3202,KABUPATEN SUKABUMI,PEREMPUAN,18-24 TAHUN,0,ORANG,2018
32022018,32,JAWA BARAT,3202,KABUPATEN SUKABUMI,PEREMPUAN,25-44 TAHUN,10,ORANG,2018
32022018,32,JAWA BARAT,3202,KABUPATEN SUKABUMI,PEREMPUAN,45-59 TAHUN,0,ORANG,2018
32022018,32,JAWA BARAT,3202,KABUPATEN SUKABUMI,PEREMPUAN,60+ TAHUN,0,ORANG,2018
32022021,32,JAWA BARAT,3202,KABUPATEN SUKABUMI,LAKI-LAKI,0-5 TAHUN,0,ORANG,2021
32022021,32,JAWA BARAT,3202,KABUPATEN SUKABUMI,LAKI-LAKI,6-12 TAHUN,2,ORANG,2021
32022021,32,JAWA BARAT,3202,KABUPATEN SUKABUMI,LAKI-LAKI,13-17 TAHUN,0,ORANG,2021
32022021,32,JAWA BARAT,3202,KABUPATEN SUKABUMI,LAKI-LAKI,18-24 TAHUN,0,ORANG,2021
32022021,32,JAWA BARAT,3202,KABUPATEN SUKABUMI,LAKI-LAKI,25-44 TAHUN,0,ORANG,2021
32022021,32,JAWA BARAT,3202,KABUPATEN SUKABUMI,LAKI-LAKI,45-59 TAHUN,0,ORANG,2021
32022021,32,JAWA BARAT,3202,KABUPATEN SUKABUMI,LAKI-LAKI,60+ TAHUN,0,ORANG,2021
32022021,32,JAWA BARAT,3202,KABUPATEN SUKABUMI,PEREMPUAN,0-5 TAHUN,2,ORANG,2021
32022021,32,JAWA BARAT,3202,KABUPATEN SUKABUMI,PEREMPUAN,6-12 TAHUN,3,ORANG,2021
32022021,32,JAWA BARAT,3202,KABUPATEN SUKABUMI,PEREMPUAN,13-17 TAHUN,10,ORANG,2021
32022021,32,JAWA BARAT,3202,KABUPATEN SUKABUMI,PEREMPUAN,18-24 TAHUN,6,ORANG,2021
32022021,32,JAWA BARAT,3202,KABUPATEN SUKABUMI,PEREMPUAN,25-44 TAHUN,5,ORANG,2021
32022021,32,JAWA BARAT,3202,KABUPATEN SUKABUMI,PEREMPUAN,45-59 TAHUN,0,ORANG,2021
32022021,32,JAWA BARAT,3202,KABUPATEN SUKABUMI,PEREMPUAN,60+ TAHUN,0,ORANG,2021
32032018,32,JAWA BARAT,3203,KABUPATEN CIANJUR,LAKI-LAKI,0-5 TAHUN,1,ORANG,2018
32032018,32,JAWA BARAT,3203,KABUPATEN CIANJUR,LAKI-LAKI,6-12 TAHUN,3,ORANG,2018
32032018,32,JAWA BARAT,3203,KABUPATEN CIANJUR,LAKI-LAKI,13-17 TAHUN,0,ORANG,2018
32032018,32,JAWA BARAT,3203,KABUPATEN CIANJUR,LAKI-LAKI,18-24 TAHUN,0,ORANG,2018
32032018,32,JAWA BARAT,3203,KABUPATEN CIANJUR,LAKI-LAKI,25-44 TAHUN,0,ORANG,2018
32032018,32,JAWA BARAT,3203,KABUPATEN CIANJUR,LAKI-LAKI,45-59 TAHUN,0,ORANG,2018
32032018,32,JAWA BARAT,3203,KABUPATEN CIANJUR,LAKI-LAKI,60+ TAHUN,0,ORANG,2018
32032018,32,JAWA BARAT,3203,KABUPATEN CIANJUR,PEREMPUAN,0-5 TAHUN,0,ORANG,2018
32032018,32,JAWA BARAT,3203,KABUPATEN CIANJUR,PEREMPUAN,6-12 TAHUN,0,ORANG,2018
32032018,32,JAWA BARAT,3203,KABUPATEN CIANJUR,PEREMPUAN,13-17 TAHUN,0,ORANG,2018
32032018,32,JAWA BARAT,3203,KABUPATEN CIANJUR,PEREMPUAN,18-24 TAHUN,0,ORANG,2018
32032018,32,JAWA BARAT,3203,KABUPATEN CIANJUR,PEREMPUAN,25-44 TAHUN,0,ORANG,2018
32032018,32,JAWA BARAT,3203,KABUPATEN CIANJUR,PEREMPUAN,45-59 TAHUN,0,ORANG,2018
32032018,32,JAWA BARAT,3203,KABUPATEN CIANJUR,PEREMPUAN,60+ TAHUN,0,ORANG,2018
32032021,32,JAWA BARAT,3203,KABUPATEN CIANJUR,LAKI-LAKI,0-5 TAHUN,0,ORANG,2021
32032021,32,JAWA BARAT,3203,KABUPATEN CIANJUR,LAKI-LAKI,6-12 TAHUN,3,ORANG,2021
32032021,32,JAWA BARAT,3203,KABUPATEN CIANJUR,LAKI-LAKI,13-17 TAHUN,1,ORANG,2021
32032021,32,JAWA BARAT,3203,KABUPATEN CIANJUR,LAKI-LAKI,18-24 TAHUN,0,ORANG,2021
32032021,32,JAWA BARAT,3203,KABUPATEN CIANJUR,LAKI-LAKI,25-44 TAHUN,0,ORANG,2021
32032021,32,JAWA BARAT,3203,KABUPATEN CIANJUR,LAKI-LAKI,45-59 TAHUN,0,ORANG,2021
32032021,32,JAWA BARAT,3203,KABUPATEN CIANJUR,LAKI-LAKI,60+ TAHUN,0,ORANG,2021
32032021,32,JAWA BARAT,3203,KABUPATEN CIANJUR,PEREMPUAN,0-5 TAHUN,0,ORANG,2021
32032021,32,JAWA BARAT,3203,KABUPATEN CIANJUR,PEREMPUAN,6-12 TAHUN,2,ORANG,2021
32032021,32,JAWA BARAT,3203,KABUPATEN CIANJUR,PEREMPUAN,13-17 TAHUN,0,ORANG,2021
32032021,32,JAWA BARAT,3203,KABUPATEN CIANJUR,PEREMPUAN,18-24 TAHUN,2,ORANG,2021
32032021,32,JAWA BARAT,3203,KABUPATEN CIANJUR,PEREMPUAN,25-44 TAHUN,7,ORANG,2021
32032021,32,JAWA BARAT,3203,KABUPATEN CIANJUR,PEREMPUAN,45-59 TAHUN,0,ORANG,2021
32032021,32,JAWA BARAT,3203,KABUPATEN CIANJUR,PEREMPUAN,60+ TAHUN,0,ORANG,2021
32042018,32,JAWA BARAT,3204,KABUPATEN BANDUNG,LAKI-LAKI,0-5 TAHUN,0,ORANG,2018
32042018,32,JAWA BARAT,3204,KABUPATEN BANDUNG,PEREMPUAN,13-17 TAHUN,10,ORANG,2018
32042018,32,JAWA BARAT,3204,KABUPATEN BANDUNG,PEREMPUAN,18-24 TAHUN,3,ORANG,2018
32042018,32,JAWA BARAT,3204,KABUPATEN BANDUNG,PEREMPUAN,25-44 TAHUN,3,ORANG,2018
32042018,32,JAWA BARAT,3204,KABUPATEN BANDUNG,PEREMPUAN,45-59 TAHUN,1,ORANG,2018
32042018,32,JAWA BARAT,3204,KABUPATEN BANDUNG,PEREMPUAN,60+ TAHUN,0,ORANG,2018
32042018,32,JAWA BARAT,3204,KABUPATEN BANDUNG,LAKI-LAKI,6-12 TAHUN,3,ORANG,2018
32042018,32,JAWA BARAT,3204,KABUPATEN BANDUNG,LAKI-LAKI,13-17 TAHUN,6,ORANG,2018
32042018,32,JAWA BARAT,3204,KABUPATEN BANDUNG,LAKI-LAKI,18-24 TAHUN,1,ORANG,2018
32042018,32,JAWA BARAT,3204,KABUPATEN BANDUNG,LAKI-LAKI,25-44 TAHUN,0,ORANG,2018
32042018,32,JAWA BARAT,3204,KABUPATEN BANDUNG,LAKI-LAKI,45-59 TAHUN,0,ORANG,2018
32042018,32,JAWA BARAT,3204,KABUPATEN BANDUNG,LAKI-LAKI,60+ TAHUN,0,ORANG,2018
32042018,32,JAWA BARAT,3204,KABUPATEN BANDUNG,PEREMPUAN,0-5 TAHUN,8,ORANG,2018
32042018,32,JAWA BARAT,3204,KABUPATEN BANDUNG,PEREMPUAN,6-12 TAHUN,17,ORANG,2018
32042021,32,JAWA BARAT,3204,KABUPATEN BANDUNG,LAKI-LAKI,0-5 TAHUN,0,ORANG,2021
32042021,32,JAWA BARAT,3204,KABUPATEN BANDUNG,LAKI-LAKI,6-12 TAHUN,2,ORANG,2021
32042021,32,JAWA BARAT,3204,KABUPATEN BANDUNG,LAKI-LAKI,13-17 TAHUN,1,ORANG,2021
32042021,32,JAWA BARAT,3204,KABUPATEN BANDUNG,LAKI-LAKI,18-24 TAHUN,0,ORANG,2021
32042021,32,JAWA BARAT,3204,KABUPATEN BANDUNG,LAKI-LAKI,25-44 TAHUN,0,ORANG,2021
32042021,32,JAWA BARAT,3204,KABUPATEN BANDUNG,LAKI-LAKI,45-59 TAHUN,0,ORANG,2021
32042021,32,JAWA BARAT,3204,KABUPATEN BANDUNG,LAKI-LAKI,60+ TAHUN,0,ORANG,2021
32042021,32,JAWA BARAT,3204,KABUPATEN BANDUNG,PEREMPUAN,0-5 TAHUN,2,ORANG,2021
32042021,32,JAWA BARAT,3204,KABUPATEN BANDUNG,PEREMPUAN,6-12 TAHUN,8,ORANG,2021
32042021,32,JAWA BARAT,3204,KABUPATEN BANDUNG,PEREMPUAN,13-17 TAHUN,12,ORANG,2021
32042021,32,JAWA BARAT,3204,KABUPATEN BANDUNG,PEREMPUAN,18-24 TAHUN,9,ORANG,2021
32042021,32,JAWA BARAT,3204,KABUPATEN BANDUNG,PEREMPUAN,25-44 TAHUN,7,ORANG,2021
32042021,32,JAWA BARAT,3204,KABUPATEN BANDUNG,PEREMPUAN,45-59 TAHUN,2,ORANG,2021
32042021,32,JAWA BARAT,3204,KABUPATEN BANDUNG,PEREMPUAN,60+ TAHUN,0,ORANG,2021
32052018,32,JAWA BARAT,3205,KABUPATEN GARUT,LAKI-LAKI,6-12 TAHUN,0,ORANG,2018
32052018,32,JAWA BARAT,3205,KABUPATEN GARUT,LAKI-LAKI,13-17 TAHUN,0,ORANG,2018
32052018,32,JAWA BARAT,3205,KABUPATEN GARUT,LAKI-LAKI,18-24 TAHUN,0,ORANG,2018
32052018,32,JAWA BARAT,3205,KABUPATEN GARUT,LAKI-LAKI,25-44 TAHUN,0,ORANG,2018
32052018,32,JAWA BARAT,3205,KABUPATEN GARUT,LAKI-LAKI,45-59 TAHUN,0,ORANG,2018
32052018,32,JAWA BARAT,3205,KABUPATEN GARUT,LAKI-LAKI,60+ TAHUN,0,ORANG,2018
32052018,32,JAWA BARAT,3205,KABUPATEN GARUT,PEREMPUAN,0-5 TAHUN,0,ORANG,2018
32052018,32,JAWA BARAT,3205,KABUPATEN GARUT,PEREMPUAN,6-12 TAHUN,1,ORANG,2018
32052018,32,JAWA BARAT,3205,KABUPATEN GARUT,PEREMPUAN,13-17 TAHUN,1,ORANG,2018
32052018,32,JAWA BARAT,3205,KABUPATEN GARUT,PEREMPUAN,18-24 TAHUN,0,ORANG,2018
32052018,32,JAWA BARAT,3205,KABUPATEN GARUT,PEREMPUAN,25-44 TAHUN,0,ORANG,2018
32052018,32,JAWA BARAT,3205,KABUPATEN GARUT,PEREMPUAN,45-59 TAHUN,0,ORANG,2018
32052018,32,JAWA BARAT,3205,KABUPATEN GARUT,PEREMPUAN,60+ TAHUN,0,ORANG,2018
32052018,32,JAWA BARAT,3205,KABUPATEN GARUT,LAKI-LAKI,0-5 TAHUN,2,ORANG,2018
32052021,32,JAWA BARAT,3205,KABUPATEN GARUT,LAKI-LAKI,0-5 TAHUN,0,ORANG,2021
32052021,32,JAWA BARAT,3205,KABUPATEN GARUT,LAKI-LAKI,6-12 TAHUN,0,ORANG,2021
32052021,32,JAWA BARAT,3205,KABUPATEN GARUT,LAKI-LAKI,13-17 TAHUN,0,ORANG,2021
32052021,32,JAWA BARAT,3205,KABUPATEN GARUT,LAKI-LAKI,18-24 TAHUN,0,ORANG,2021
32052021,32,JAWA BARAT,3205,KABUPATEN GARUT,LAKI-LAKI,25-44 TAHUN,0,ORANG,2021
32052021,32,JAWA BARAT,3205,KABUPATEN GARUT,LAKI-LAKI,45-59 TAHUN,0,ORANG,2021
32052021,32,JAWA BARAT,3205,KABUPATEN GARUT,LAKI-LAKI,60+ TAHUN,0,ORANG,2021
32052021,32,JAWA BARAT,3205,KABUPATEN GARUT,PEREMPUAN,0-5 TAHUN,0,ORANG,2021
32052021,32,JAWA BARAT,3205,KABUPATEN GARUT,PEREMPUAN,6-12 TAHUN,0,ORANG,2021
32052021,32,JAWA BARAT,3205,KABUPATEN GARUT,PEREMPUAN,13-17 TAHUN,4,ORANG,2021
32052021,32,JAWA BARAT,3205,KABUPATEN GARUT,PEREMPUAN,18-24 TAHUN,1,ORANG,2021
32052021,32,JAWA BARAT,3205,KABUPATEN GARUT,PEREMPUAN,25-44 TAHUN,0,ORANG,2021
32052021,32,JAWA BARAT,3205,KABUPATEN GARUT,PEREMPUAN,45-59 TAHUN,1,ORANG,2021
32052021,32,JAWA BARAT,3205,KABUPATEN GARUT,PEREMPUAN,60+ TAHUN,0,ORANG,2021
32062018,32,JAWA BARAT,3206,KABUPATEN TASIKMALAYA,LAKI-LAKI,0-5 TAHUN,2,ORANG,2018
32062018,32,JAWA BARAT,3206,KABUPATEN TASIKMALAYA,LAKI-LAKI,6-12 TAHUN,1,ORANG,2018
32062018,32,JAWA BARAT,3206,KABUPATEN TASIKMALAYA,LAKI-LAKI,13-17 TAHUN,0,ORANG,2018
32062018,32,JAWA BARAT,3206,KABUPATEN TASIKMALAYA,LAKI-LAKI,18-24 TAHUN,1,ORANG,2018
32062018,32,JAWA BARAT,3206,KABUPATEN TASIKMALAYA,LAKI-LAKI,25-44 TAHUN,0,ORANG,2018
32062018,32,JAWA BARAT,3206,KABUPATEN TASIKMALAYA,LAKI-LAKI,45-59 TAHUN,0,ORANG,2018
32062018,32,JAWA BARAT,3206,KABUPATEN TASIKMALAYA,LAKI-LAKI,60+ TAHUN,0,ORANG,2018
32062018,32,JAWA BARAT,3206,KABUPATEN TASIKMALAYA,PEREMPUAN,0-5 TAHUN,1,ORANG,2018
32062018,32,JAWA BARAT,3206,KABUPATEN TASIKMALAYA,PEREMPUAN,6-12 TAHUN,4,ORANG,2018
32062018,32,JAWA BARAT,3206,KABUPATEN TASIKMALAYA,PEREMPUAN,13-17 TAHUN,8,ORANG,2018
32062018,32,JAWA BARAT,3206,KABUPATEN TASIKMALAYA,PEREMPUAN,18-24 TAHUN,5,ORANG,2018
32062018,32,JAWA BARAT,3206,KABUPATEN TASIKMALAYA,PEREMPUAN,25-44 TAHUN,1,ORANG,2018
32062018,32,JAWA BARAT,3206,KABUPATEN TASIKMALAYA,PEREMPUAN,45-59 TAHUN,0,ORANG,2018
32062018,32,JAWA BARAT,3206,KABUPATEN TASIKMALAYA,PEREMPUAN,60+ TAHUN,0,ORANG,2018
32062021,32,JAWA BARAT,3206,KABUPATEN TASIKMALAYA,LAKI-LAKI,0-5 TAHUN,1,ORANG,2021
32062021,32,JAWA BARAT,3206,KABUPATEN TASIKMALAYA,LAKI-LAKI,6-12 TAHUN,2,ORANG,2021
32062021,32,JAWA BARAT,3206,KABUPATEN TASIKMALAYA,LAKI-LAKI,13-17 TAHUN,9,ORANG,2021
32062021,32,JAWA BARAT,3206,KABUPATEN TASIKMALAYA,LAKI-LAKI,18-24 TAHUN,1,ORANG,2021
32062021,32,JAWA BARAT,3206,KABUPATEN TASIKMALAYA,LAKI-LAKI,25-44 TAHUN,1,ORANG,2021
32062021,32,JAWA BARAT,3206,KABUPATEN TASIKMALAYA,LAKI-LAKI,45-59 TAHUN,0,ORANG,2021
32062021,32,JAWA BARAT,3206,KABUPATEN TASIKMALAYA,LAKI-LAKI,60+ TAHUN,0,ORANG,2021
32062021,32,JAWA BARAT,3206,KABUPATEN TASIKMALAYA,PEREMPUAN,0-5 TAHUN,1,ORANG,2021
32062021,32,JAWA BARAT,3206,KABUPATEN TASIKMALAYA,PEREMPUAN,6-12 TAHUN,5,ORANG,2021
32062021,32,JAWA BARAT,3206,KABUPATEN TASIKMALAYA,PEREMPUAN,13-17 TAHUN,16,ORANG,2021
32062021,32,JAWA BARAT,3206,KABUPATEN TASIKMALAYA,PEREMPUAN,18-24 TAHUN,0,ORANG,2021
32062021,32,JAWA BARAT,3206,KABUPATEN TASIKMALAYA,PEREMPUAN,25-44 TAHUN,7,ORANG,2021
32062021,32,JAWA BARAT,3206,KABUPATEN TASIKMALAYA,PEREMPUAN,45-59 TAHUN,0,ORANG,2021
32062021,32,JAWA BARAT,3206,KABUPATEN TASIKMALAYA,PEREMPUAN,60+ TAHUN,0,ORANG,2021
32072018,32,JAWA BARAT,3207,KABUPATEN CIAMIS,LAKI-LAKI,0-5 TAHUN,0,ORANG,2018
32072018,32,JAWA BARAT,3207,KABUPATEN CIAMIS,LAKI-LAKI,6-12 TAHUN,0,ORANG,2018
32072018,32,JAWA BARAT,3207,KABUPATEN CIAMIS,LAKI-LAKI,13-17 TAHUN,0,ORANG,2018
32072018,32,JAWA BARAT,3207,KABUPATEN CIAMIS,LAKI-LAKI,18-24 TAHUN,0,ORANG,2018
32072018,32,JAWA BARAT,3207,KABUPATEN CIAMIS,LAKI-LAKI,25-44 TAHUN,0,ORANG,2018
32072018,32,JAWA BARAT,3207,KABUPATEN CIAMIS,LAKI-LAKI,45-59 TAHUN,0,ORANG,2018
32072018,32,JAWA BARAT,3207,KABUPATEN CIAMIS,LAKI-LAKI,60+ TAHUN,0,ORANG,2018
32072018,32,JAWA BARAT,3207,KABUPATEN CIAMIS,PEREMPUAN,0-5 TAHUN,0,ORANG,2018
32072018,32,JAWA BARAT,3207,KABUPATEN CIAMIS,PEREMPUAN,6-12 TAHUN,1,ORANG,2018
32072018,32,JAWA BARAT,3207,KABUPATEN CIAMIS,PEREMPUAN,13-17 TAHUN,0,ORANG,2018
32072018,32,JAWA BARAT,3207,KABUPATEN CIAMIS,PEREMPUAN,18-24 TAHUN,1,ORANG,2018
32072018,32,JAWA BARAT,3207,KABUPATEN CIAMIS,PEREMPUAN,25-44 TAHUN,2,ORANG,2018
32072018,32,JAWA BARAT,3207,KABUPATEN CIAMIS,PEREMPUAN,45-59 TAHUN,1,ORANG,2018
32072018,32,JAWA BARAT,3207,KABUPATEN CIAMIS,PEREMPUAN,60+ TAHUN,0,ORANG,2018
32072021,32,JAWA BARAT,3207,KABUPATEN CIAMIS,LAKI-LAKI,0-5 TAHUN,0,ORANG,2021
32072021,32,JAWA BARAT,3207,KABUPATEN CIAMIS,LAKI-LAKI,6-12 TAHUN,0,ORANG,2021
32072021,32,JAWA BARAT,3207,KABUPATEN CIAMIS,LAKI-LAKI,13-17 TAHUN,1,ORANG,2021
32072021,32,JAWA BARAT,3207,KABUPATEN CIAMIS,LAKI-LAKI,18-24 TAHUN,0,ORANG,2021
32072021,32,JAWA BARAT,3207,KABUPATEN CIAMIS,LAKI-LAKI,25-44 TAHUN,0,ORANG,2021
32072021,32,JAWA BARAT,3207,KABUPATEN CIAMIS,LAKI-LAKI,45-59 TAHUN,0,ORANG,2021
32072021,32,JAWA BARAT,3207,KABUPATEN CIAMIS,LAKI-LAKI,60+ TAHUN,0,ORANG,2021
32072021,32,JAWA BARAT,3207,KABUPATEN CIAMIS,PEREMPUAN,0-5 TAHUN,0,ORANG,2021
32072021,32,JAWA BARAT,3207,KABUPATEN CIAMIS,PEREMPUAN,6-12 TAHUN,0,ORANG,2021
32072021,32,JAWA BARAT,3207,KABUPATEN CIAMIS,PEREMPUAN,13-17 TAHUN,0,ORANG,2021
32072021,32,JAWA BARAT,3207,KABUPATEN CIAMIS,PEREMPUAN,18-24 TAHUN,0,ORANG,2021
32072021,32,JAWA BARAT,3207,KABUPATEN CIAMIS,PEREMPUAN,25-44 TAHUN,0,ORANG,2021
32072021,32,JAWA BARAT,3207,KABUPATEN CIAMIS,PEREMPUAN,45-59 TAHUN,0,ORANG,2021
32072021,32,JAWA BARAT,3207,KABUPATEN CIAMIS,PEREMPUAN,60+ TAHUN,0,ORANG,2021
32082018,32,JAWA BARAT,3208,KABUPATEN KUNINGAN,LAKI-LAKI,0-5 TAHUN,0,ORANG,2018
32082018,32,JAWA BARAT,3208,KABUPATEN KUNINGAN,LAKI-LAKI,6-12 TAHUN,0,ORANG,2018
32082018,32,JAWA BARAT,3208,KABUPATEN KUNINGAN,LAKI-LAKI,13-17 TAHUN,5,ORANG,2018
32082018,32,JAWA BARAT,3208,KABUPATEN KUNINGAN,LAKI-LAKI,18-24 TAHUN,0,ORANG,2018
32082018,32,JAWA BARAT,3208,KABUPATEN KUNINGAN,LAKI-LAKI,25-44 TAHUN,0,ORANG,2018
32082018,32,JAWA BARAT,3208,KABUPATEN KUNINGAN,LAKI-LAKI,45-59 TAHUN,0,ORANG,2018
32082018,32,JAWA BARAT,3208,KABUPATEN KUNINGAN,LAKI-LAKI,60+ TAHUN,0,ORANG,2018
32082018,32,JAWA BARAT,3208,KABUPATEN KUNINGAN,PEREMPUAN,0-5 TAHUN,0,ORANG,2018
32082018,32,JAWA BARAT,3208,KABUPATEN KUNINGAN,PEREMPUAN,6-12 TAHUN,4,ORANG,2018
32082018,32,JAWA BARAT,3208,KABUPATEN KUNINGAN,PEREMPUAN,13-17 TAHUN,7,ORANG,2018
32082018,32,JAWA BARAT,3208,KABUPATEN KUNINGAN,PEREMPUAN,18-24 TAHUN,0,ORANG,2018
32082018,32,JAWA BARAT,3208,KABUPATEN KUNINGAN,PEREMPUAN,25-44 TAHUN,0,ORANG,2018
32082018,32,JAWA BARAT,3208,KABUPATEN KUNINGAN,PEREMPUAN,45-59 TAHUN,0,ORANG,2018
32082018,32,JAWA BARAT,3208,KABUPATEN KUNINGAN,PEREMPUAN,60+ TAHUN,0,ORANG,2018
32082021,32,JAWA BARAT,3208,KABUPATEN KUNINGAN,LAKI-LAKI,0-5 TAHUN,0,ORANG,2021
32082021,32,JAWA BARAT,3208,KABUPATEN KUNINGAN,LAKI-LAKI,6-12 TAHUN,0,ORANG,2021
32082021,32,JAWA BARAT,3208,KABUPATEN KUNINGAN,LAKI-LAKI,13-17 TAHUN,0,ORANG,2021
32082021,32,JAWA BARAT,3208,KABUPATEN KUNINGAN,LAKI-LAKI,18-24 TAHUN,0,ORANG,2021
32082021,32,JAWA BARAT,3208,KABUPATEN KUNINGAN,LAKI-LAKI,25-44 TAHUN,0,ORANG,2021
32082021,32,JAWA BARAT,3208,KABUPATEN KUNINGAN,LAKI-LAKI,45-59 TAHUN,0,ORANG,2021
32082021,32,JAWA BARAT,3208,KABUPATEN KUNINGAN,LAKI-LAKI,60+ TAHUN,0,ORANG,2021
32082021,32,JAWA BARAT,3208,KABUPATEN KUNINGAN,PEREMPUAN,0-5 TAHUN,0,ORANG,2021
32082021,32,JAWA BARAT,3208,KABUPATEN KUNINGAN,PEREMPUAN,6-12 TAHUN,0,ORANG,2021
32082021,32,JAWA BARAT,3208,KABUPATEN KUNINGAN,PEREMPUAN,13-17 TAHUN,0,ORANG,2021
32082021,32,JAWA BARAT,3208,KABUPATEN KUNINGAN,PEREMPUAN,18-24 TAHUN,0,ORANG,2021
32082021,32,JAWA BARAT,3208,KABUPATEN KUNINGAN,PEREMPUAN,25-44 TAHUN,0,ORANG,2021
32082021,32,JAWA BARAT,3208,KABUPATEN KUNINGAN,PEREMPUAN,45-59 TAHUN,0,ORANG,2021
32082021,32,JAWA BARAT,3208,KABUPATEN KUNINGAN,PEREMPUAN,60+ TAHUN,0,ORANG,2021
32092018,32,JAWA BARAT,3209,KABUPATEN CIREBON,LAKI-LAKI,0-5 TAHUN,1,ORANG,2018
32092018,32,JAWA BARAT,3209,KABUPATEN CIREBON,LAKI-LAKI,6-12 TAHUN,0,ORANG,2018
32092018,32,JAWA BARAT,3209,KABUPATEN CIREBON,LAKI-LAKI,13-17 TAHUN,1,ORANG,2018
32092018,32,JAWA BARAT,3209,KABUPATEN CIREBON,LAKI-LAKI,18-24 TAHUN,0,ORANG,2018
32092018,32,JAWA BARAT,3209,KABUPATEN CIREBON,LAKI-LAKI,25-44 TAHUN,0,ORANG,2018
32092018,32,JAWA BARAT,3209,KABUPATEN CIREBON,LAKI-LAKI,45-59 TAHUN,0,ORANG,2018
32092018,32,JAWA BARAT,3209,KABUPATEN CIREBON,LAKI-LAKI,60+ TAHUN,0,ORANG,2018
32092018,32,JAWA BARAT,3209,KABUPATEN CIREBON,PEREMPUAN,0-5 TAHUN,1,ORANG,2018
32092018,32,JAWA BARAT,3209,KABUPATEN CIREBON,PEREMPUAN,6-12 TAHUN,6,ORANG,2018
32092018,32,JAWA BARAT,3209,KABUPATEN CIREBON,PEREMPUAN,13-17 TAHUN,5,ORANG,2018
32092018,32,JAWA BARAT,3209,KABUPATEN CIREBON,PEREMPUAN,18-24 TAHUN,2,ORANG,2018
32092018,32,JAWA BARAT,3209,KABUPATEN CIREBON,PEREMPUAN,25-44 TAHUN,1,ORANG,2018
32092018,32,JAWA BARAT,3209,KABUPATEN CIREBON,PEREMPUAN,45-59 TAHUN,0,ORANG,2018
32092018,32,JAWA BARAT,3209,KABUPATEN CIREBON,PEREMPUAN,60+ TAHUN,0,ORANG,2018
32092021,32,JAWA BARAT,3209,KABUPATEN CIREBON,LAKI-LAKI,0-5 TAHUN,1,ORANG,2021
32092021,32,JAWA BARAT,3209,KABUPATEN CIREBON,LAKI-LAKI,6-12 TAHUN,1,ORANG,2021
32092021,32,JAWA BARAT,3209,KABUPATEN CIREBON,LAKI-LAKI,13-17 TAHUN,0,ORANG,2021
32092021,32,JAWA BARAT,3209,KABUPATEN CIREBON,LAKI-LAKI,18-24 TAHUN,0,ORANG,2021
32092021,32,JAWA BARAT,3209,KABUPATEN CIREBON,LAKI-LAKI,25-44 TAHUN,0,ORANG,2021
32092021,32,JAWA BARAT,3209,KABUPATEN CIREBON,LAKI-LAKI,45-59 TAHUN,0,ORANG,2021
32092021,32,JAWA BARAT,3209,KABUPATEN CIREBON,LAKI-LAKI,60+ TAHUN,0,ORANG,2021
32092021,32,JAWA BARAT,3209,KABUPATEN CIREBON,PEREMPUAN,0-5 TAHUN,1,ORANG,2021
32092021,32,JAWA BARAT,3209,KABUPATEN CIREBON,PEREMPUAN,6-12 TAHUN,1,ORANG,2021
32092021,32,JAWA BARAT,3209,KABUPATEN CIREBON,PEREMPUAN,13-17 TAHUN,1,ORANG,2021
32092021,32,JAWA BARAT,3209,KABUPATEN CIREBON,PEREMPUAN,18-24 TAHUN,1,ORANG,2021
32092021,32,JAWA BARAT,3209,KABUPATEN CIREBON,PEREMPUAN,25-44 TAHUN,1,ORANG,2021
32092021,32,JAWA BARAT,3209,KABUPATEN CIREBON,PEREMPUAN,45-59 TAHUN,0,ORANG,2021
32092021,32,JAWA BARAT,3209,KABUPATEN CIREBON,PEREMPUAN,60+ TAHUN,0,ORANG,2021
32102018,32,JAWA BARAT,3210,KABUPATEN MAJALENGKA,LAKI-LAKI,0-5 TAHUN,0,ORANG,2018
32102018,32,JAWA BARAT,3210,KABUPATEN MAJALENGKA,LAKI-LAKI,6-12 TAHUN,1,ORANG,2018
32102018,32,JAWA BARAT,3210,KABUPATEN MAJALENGKA,LAKI-LAKI,13-17 TAHUN,2,ORANG,2018
32102018,32,JAWA BARAT,3210,KABUPATEN MAJALENGKA,LAKI-LAKI,18-24 TAHUN,0,ORANG,2018
32102018,32,JAWA BARAT,3210,KABUPATEN MAJALENGKA,LAKI-LAKI,25-44 TAHUN,0,ORANG,2018
32102018,32,JAWA BARAT,3210,KABUPATEN MAJALENGKA,LAKI-LAKI,45-59 TAHUN,0,ORANG,2018
32102018,32,JAWA BARAT,3210,KABUPATEN MAJALENGKA,LAKI-LAKI,60+ TAHUN,0,ORANG,2018
32102018,32,JAWA BARAT,3210,KABUPATEN MAJALENGKA,PEREMPUAN,0-5 TAHUN,1,ORANG,2018
32102018,32,JAWA BARAT,3210,KABUPATEN MAJALENGKA,PEREMPUAN,6-12 TAHUN,0,ORANG,2018
32102018,32,JAWA BARAT,3210,KABUPATEN MAJALENGKA,PEREMPUAN,13-17 TAHUN,7,ORANG,2018
32102018,32,JAWA BARAT,3210,KABUPATEN MAJALENGKA,PEREMPUAN,18-24 TAHUN,0,ORANG,2018
32102018,32,JAWA BARAT,3210,KABUPATEN MAJALENGKA,PEREMPUAN,25-44 TAHUN,1,ORANG,2018
32102018,32,JAWA BARAT,3210,KABUPATEN MAJALENGKA,PEREMPUAN,45-59 TAHUN,0,ORANG,2018
32102018,32,JAWA BARAT,3210,KABUPATEN MAJALENGKA,PEREMPUAN,60+ TAHUN,0,ORANG,2018
32102021,32,JAWA BARAT,3210,KABUPATEN MAJALENGKA,LAKI-LAKI,0-5 TAHUN,0,ORANG,2021
32102021,32,JAWA BARAT,3210,KABUPATEN MAJALENGKA,LAKI-LAKI,6-12 TAHUN,0,ORANG,2021
32102021,32,JAWA BARAT,3210,KABUPATEN MAJALENGKA,LAKI-LAKI,13-17 TAHUN,0,ORANG,2021
32102021,32,JAWA BARAT,3210,KABUPATEN MAJALENGKA,LAKI-LAKI,18-24 TAHUN,0,ORANG,2021
32102021,32,JAWA BARAT,3210,KABUPATEN MAJALENGKA,LAKI-LAKI,25-44 TAHUN,0,ORANG,2021
32102021,32,JAWA BARAT,3210,KABUPATEN MAJALENGKA,LAKI-LAKI,45-59 TAHUN,0,ORANG,2021
32102021,32,JAWA BARAT,3210,KABUPATEN MAJALENGKA,LAKI-LAKI,60+ TAHUN,0,ORANG,2021
32102021,32,JAWA BARAT,3210,KABUPATEN MAJALENGKA,PEREMPUAN,0-5 TAHUN,0,ORANG,2021
32102021,32,JAWA BARAT,3210,KABUPATEN MAJALENGKA,PEREMPUAN,6-12 TAHUN,1,ORANG,2021
32102021,32,JAWA BARAT,3210,KABUPATEN MAJALENGKA,PEREMPUAN,13-17 TAHUN,4,ORANG,2021
32102021,32,JAWA BARAT,3210,KABUPATEN MAJALENGKA,PEREMPUAN,18-24 TAHUN,0,ORANG,2021
32102021,32,JAWA BARAT,3210,KABUPATEN MAJALENGKA,PEREMPUAN,25-44 TAHUN,0,ORANG,2021
32102021,32,JAWA BARAT,3210,KABUPATEN MAJALENGKA,PEREMPUAN,45-59 TAHUN,0,ORANG,2021
32102021,32,JAWA BARAT,3210,KABUPATEN MAJALENGKA,PEREMPUAN,60+ TAHUN,0,ORANG,2021
32112018,32,JAWA BARAT,3211,KABUPATEN SUMEDANG,LAKI-LAKI,0-5 TAHUN,0,ORANG,2018
32112018,32,JAWA BARAT,3211,KABUPATEN SUMEDANG,LAKI-LAKI,6-12 TAHUN,1,ORANG,2018
32112018,32,JAWA BARAT,3211,KABUPATEN SUMEDANG,LAKI-LAKI,13-17 TAHUN,1,ORANG,2018
32112018,32,JAWA BARAT,3211,KABUPATEN SUMEDANG,LAKI-LAKI,18-24 TAHUN,0,ORANG,2018
32112018,32,JAWA BARAT,3211,KABUPATEN SUMEDANG,LAKI-LAKI,25-44 TAHUN,0,ORANG,2018
32112018,32,JAWA BARAT,3211,KABUPATEN SUMEDANG,LAKI-LAKI,45-59 TAHUN,0,ORANG,2018
32112018,32,JAWA BARAT,3211,KABUPATEN SUMEDANG,LAKI-LAKI,60+ TAHUN,0,ORANG,2018
32112018,32,JAWA BARAT,3211,KABUPATEN SUMEDANG,PEREMPUAN,0-5 TAHUN,0,ORANG,2018
32112018,32,JAWA BARAT,3211,KABUPATEN SUMEDANG,PEREMPUAN,6-12 TAHUN,1,ORANG,2018
32112018,32,JAWA BARAT,3211,KABUPATEN SUMEDANG,PEREMPUAN,13-17 TAHUN,4,ORANG,2018
32112018,32,JAWA BARAT,3211,KABUPATEN SUMEDANG,PEREMPUAN,18-24 TAHUN,0,ORANG,2018
32112018,32,JAWA BARAT,3211,KABUPATEN SUMEDANG,PEREMPUAN,25-44 TAHUN,3,ORANG,2018
32112018,32,JAWA BARAT,3211,KABUPATEN SUMEDANG,PEREMPUAN,45-59 TAHUN,4,ORANG,2018
32112018,32,JAWA BARAT,3211,KABUPATEN SUMEDANG,PEREMPUAN,60+ TAHUN,0,ORANG,2018
32112021,32,JAWA BARAT,3211,KABUPATEN SUMEDANG,LAKI-LAKI,0-5 TAHUN,0,ORANG,2021
32112021,32,JAWA BARAT,3211,KABUPATEN SUMEDANG,LAKI-LAKI,6-12 TAHUN,0,ORANG,2021
32112021,32,JAWA BARAT,3211,KABUPATEN SUMEDANG,LAKI-LAKI,13-17 TAHUN,0,ORANG,2021
32112021,32,JAWA BARAT,3211,KABUPATEN SUMEDANG,LAKI-LAKI,18-24 TAHUN,0,ORANG,2021
32112021,32,JAWA BARAT,3211,KABUPATEN SUMEDANG,LAKI-LAKI,25-44 TAHUN,0,ORANG,2021
32112021,32,JAWA BARAT,3211,KABUPATEN SUMEDANG,LAKI-LAKI,45-59 TAHUN,0,ORANG,2021
32112021,32,JAWA BARAT,3211,KABUPATEN SUMEDANG,LAKI-LAKI,60+ TAHUN,0,ORANG,2021
32112021,32,JAWA BARAT,3211,KABUPATEN SUMEDANG,PEREMPUAN,0-5 TAHUN,0,ORANG,2021
32112021,32,JAWA BARAT,3211,KABUPATEN SUMEDANG,PEREMPUAN,6-12 TAHUN,0,ORANG,2021
32112021,32,JAWA BARAT,3211,KABUPATEN SUMEDANG,PEREMPUAN,13-17 TAHUN,0,ORANG,2021
32112021,32,JAWA BARAT,3211,KABUPATEN SUMEDANG,PEREMPUAN,18-24 TAHUN,1,ORANG,2021
32112021,32,JAWA BARAT,3211,KABUPATEN SUMEDANG,PEREMPUAN,25-44 TAHUN,0,ORANG,2021
32112021,32,JAWA BARAT,3211,KABUPATEN SUMEDANG,PEREMPUAN,45-59 TAHUN,0,ORANG,2021
32112021,32,JAWA BARAT,3211,KABUPATEN SUMEDANG,PEREMPUAN,60+ TAHUN,0,ORANG,2021
32122018,32,JAWA BARAT,3212,KABUPATEN INDRAMAYU,LAKI-LAKI,0-5 TAHUN,0,ORANG,2018
32122018,32,JAWA BARAT,3212,KABUPATEN INDRAMAYU,LAKI-LAKI,6-12 TAHUN,1,ORANG,2018
32122018,32,JAWA BARAT,3212,KABUPATEN INDRAMAYU,LAKI-LAKI,13-17 TAHUN,0,ORANG,2018
32122018,32,JAWA BARAT,3212,KABUPATEN INDRAMAYU,LAKI-LAKI,18-24 TAHUN,0,ORANG,2018
32122018,32,JAWA BARAT,3212,KABUPATEN INDRAMAYU,LAKI-LAKI,25-44 TAHUN,0,ORANG,2018
32122018,32,JAWA BARAT,3212,KABUPATEN INDRAMAYU,LAKI-LAKI,45-59 TAHUN,0,ORANG,2018
32122018,32,JAWA BARAT,3212,KABUPATEN INDRAMAYU,LAKI-LAKI,60+ TAHUN,0,ORANG,2018
32122018,32,JAWA BARAT,3212,KABUPATEN INDRAMAYU,PEREMPUAN,0-5 TAHUN,1,ORANG,2018
32122018,32,JAWA BARAT,3212,KABUPATEN INDRAMAYU,PEREMPUAN,6-12 TAHUN,0,ORANG,2018
32122018,32,JAWA BARAT,3212,KABUPATEN INDRAMAYU,PEREMPUAN,13-17 TAHUN,2,ORANG,2018
32122018,32,JAWA BARAT,3212,KABUPATEN INDRAMAYU,PEREMPUAN,18-24 TAHUN,0,ORANG,2018
32122018,32,JAWA BARAT,3212,KABUPATEN INDRAMAYU,PEREMPUAN,25-44 TAHUN,1,ORANG,2018
32122018,32,JAWA BARAT,3212,KABUPATEN INDRAMAYU,PEREMPUAN,45-59 TAHUN,0,ORANG,2018
32122018,32,JAWA BARAT,3212,KABUPATEN INDRAMAYU,PEREMPUAN,60+ TAHUN,0,ORANG,2018
32122021,32,JAWA BARAT,3212,KABUPATEN INDRAMAYU,LAKI-LAKI,0-5 TAHUN,0,ORANG,2021
32122021,32,JAWA BARAT,3212,KABUPATEN INDRAMAYU,LAKI-LAKI,6-12 TAHUN,1,ORANG,2021
32122021,32,JAWA BARAT,3212,KABUPATEN INDRAMAYU,LAKI-LAKI,13-17 TAHUN,1,ORANG,2021
32122021,32,JAWA BARAT,3212,KABUPATEN INDRAMAYU,LAKI-LAKI,18-24 TAHUN,0,ORANG,2021
32122021,32,JAWA BARAT,3212,KABUPATEN INDRAMAYU,LAKI-LAKI,25-44 TAHUN,0,ORANG,2021
32122021,32,JAWA BARAT,3212,KABUPATEN INDRAMAYU,LAKI-LAKI,45-59 TAHUN,0,ORANG,2021
32122021,32,JAWA BARAT,3212,KABUPATEN INDRAMAYU,LAKI-LAKI,60+ TAHUN,0,ORANG,2021
32122021,32,JAWA BARAT,3212,KABUPATEN INDRAMAYU,PEREMPUAN,0-5 TAHUN,0,ORANG,2021
32122021,32,JAWA BARAT,3212,KABUPATEN INDRAMAYU,PEREMPUAN,6-12 TAHUN,1,ORANG,2021
32122021,32,JAWA BARAT,3212,KABUPATEN INDRAMAYU,PEREMPUAN,13-17 TAHUN,4,ORANG,2021
32122021,32,JAWA BARAT,3212,KABUPATEN INDRAMAYU,PEREMPUAN,18-24 TAHUN,2,ORANG,2021
32122021,32,JAWA BARAT,3212,KABUPATEN INDRAMAYU,PEREMPUAN,25-44 TAHUN,0,ORANG,2021
32122021,32,JAWA BARAT,3212,KABUPATEN INDRAMAYU,PEREMPUAN,45-59 TAHUN,0,ORANG,2021
32122021,32,JAWA BARAT,3212,KABUPATEN INDRAMAYU,PEREMPUAN,60+ TAHUN,0,ORANG,2021
32132018,32,JAWA BARAT,3213,KABUPATEN SUBANG,LAKI-LAKI,0-5 TAHUN,0,ORANG,2018
32132018,32,JAWA BARAT,3213,KABUPATEN SUBANG,LAKI-LAKI,6-12 TAHUN,4,ORANG,2018
32132018,32,JAWA BARAT,3213,KABUPATEN SUBANG,LAKI-LAKI,13-17 TAHUN,5,ORANG,2018
32132018,32,JAWA BARAT,3213,KABUPATEN SUBANG,LAKI-LAKI,18-24 TAHUN,0,ORANG,2018
32132018,32,JAWA BARAT,3213,KABUPATEN SUBANG,LAKI-LAKI,25-44 TAHUN,0,ORANG,2018
32132018,32,JAWA BARAT,3213,KABUPATEN SUBANG,LAKI-LAKI,45-59 TAHUN,0,ORANG,2018
32132018,32,JAWA BARAT,3213,KABUPATEN SUBANG,LAKI-LAKI,60+ TAHUN,0,ORANG,2018
32132018,32,JAWA BARAT,3213,KABUPATEN SUBANG,PEREMPUAN,0-5 TAHUN,3,ORANG,2018
32132018,32,JAWA BARAT,3213,KABUPATEN SUBANG,PEREMPUAN,6-12 TAHUN,8,ORANG,2018
32132018,32,JAWA BARAT,3213,KABUPATEN SUBANG,PEREMPUAN,13-17 TAHUN,11,ORANG,2018
32132018,32,JAWA BARAT,3213,KABUPATEN SUBANG,PEREMPUAN,18-24 TAHUN,11,ORANG,2018
32132018,32,JAWA BARAT,3213,KABUPATEN SUBANG,PEREMPUAN,25-44 TAHUN,7,ORANG,2018
32132018,32,JAWA BARAT,3213,KABUPATEN SUBANG,PEREMPUAN,45-59 TAHUN,0,ORANG,2018
32132018,32,JAWA BARAT,3213,KABUPATEN SUBANG,PEREMPUAN,60+ TAHUN,0,ORANG,2018
32132021,32,JAWA BARAT,3213,KABUPATEN SUBANG,LAKI-LAKI,0-5 TAHUN,0,ORANG,2021
32132021,32,JAWA BARAT,3213,KABUPATEN SUBANG,LAKI-LAKI,6-12 TAHUN,0,ORANG,2021
32132021,32,JAWA BARAT,3213,KABUPATEN SUBANG,LAKI-LAKI,13-17 TAHUN,0,ORANG,2021
32132021,32,JAWA BARAT,3213,KABUPATEN SUBANG,LAKI-LAKI,18-24 TAHUN,0,ORANG,2021
32132021,32,JAWA BARAT,3213,KABUPATEN SUBANG,LAKI-LAKI,25-44 TAHUN,0,ORANG,2021
32132021,32,JAWA BARAT,3213,KABUPATEN SUBANG,LAKI-LAKI,45-59 TAHUN,0,ORANG,2021
32132021,32,JAWA BARAT,3213,KABUPATEN SUBANG,LAKI-LAKI,60+ TAHUN,0,ORANG,2021
32132021,32,JAWA BARAT,3213,KABUPATEN SUBANG,PEREMPUAN,0-5 TAHUN,0,ORANG,2021
32132021,32,JAWA BARAT,3213,KABUPATEN SUBANG,PEREMPUAN,6-12 TAHUN,0,ORANG,2021
32132021,32,JAWA BARAT,3213,KABUPATEN SUBANG,PEREMPUAN,13-17 TAHUN,0,ORANG,2021
32132021,32,JAWA BARAT,3213,KABUPATEN SUBANG,PEREMPUAN,18-24 TAHUN,0,ORANG,2021
32132021,32,JAWA BARAT,3213,KABUPATEN SUBANG,PEREMPUAN,25-44 TAHUN,0,ORANG,2021
32132021,32,JAWA BARAT,3213,KABUPATEN SUBANG,PEREMPUAN,45-59 TAHUN,0,ORANG,2021
32132021,32,JAWA BARAT,3213,KABUPATEN SUBANG,PEREMPUAN,60+ TAHUN,0,ORANG,2021
32142018,32,JAWA BARAT,3214,KABUPATEN PURWAKARTA,LAKI-LAKI,0-5 TAHUN,0,ORANG,2018
32142018,32,JAWA BARAT,3214,KABUPATEN PURWAKARTA,LAKI-LAKI,6-12 TAHUN,0,ORANG,2018
32142018,32,JAWA BARAT,3214,KABUPATEN PURWAKARTA,LAKI-LAKI,13-17 TAHUN,2,ORANG,2018
32142018,32,JAWA BARAT,3214,KABUPATEN PURWAKARTA,LAKI-LAKI,18-24 TAHUN,0,ORANG,2018
32142018,32,JAWA BARAT,3214,KABUPATEN PURWAKARTA,LAKI-LAKI,25-44 TAHUN,1,ORANG,2018
32142018,32,JAWA BARAT,3214,KABUPATEN PURWAKARTA,LAKI-LAKI,45-59 TAHUN,0,ORANG,2018
32142018,32,JAWA BARAT,3214,KABUPATEN PURWAKARTA,LAKI-LAKI,60+ TAHUN,0,ORANG,2018
32142018,32,JAWA BARAT,3214,KABUPATEN PURWAKARTA,PEREMPUAN,0-5 TAHUN,0,ORANG,2018
32142018,32,JAWA BARAT,3214,KABUPATEN PURWAKARTA,PEREMPUAN,6-12 TAHUN,2,ORANG,2018
32142018,32,JAWA BARAT,3214,KABUPATEN PURWAKARTA,PEREMPUAN,13-17 TAHUN,5,ORANG,2018
32142018,32,JAWA BARAT,3214,KABUPATEN PURWAKARTA,PEREMPUAN,18-24 TAHUN,4,ORANG,2018
32142018,32,JAWA BARAT,3214,KABUPATEN PURWAKARTA,PEREMPUAN,25-44 TAHUN,3,ORANG,2018
32142018,32,JAWA BARAT,3214,KABUPATEN PURWAKARTA,PEREMPUAN,45-59 TAHUN,0,ORANG,2018
32142018,32,JAWA BARAT,3214,KABUPATEN PURWAKARTA,PEREMPUAN,60+ TAHUN,0,ORANG,2018
32142021,32,JAWA BARAT,3214,KABUPATEN PURWAKARTA,LAKI-LAKI,0-5 TAHUN,0,ORANG,2021
32142021,32,JAWA BARAT,3214,KABUPATEN PURWAKARTA,LAKI-LAKI,6-12 TAHUN,0,ORANG,2021
32142021,32,JAWA BARAT,3214,KABUPATEN PURWAKARTA,LAKI-LAKI,13-17 TAHUN,0,ORANG,2021
32142021,32,JAWA BARAT,3214,KABUPATEN PURWAKARTA,LAKI-LAKI,18-24 TAHUN,0,ORANG,2021
32142021,32,JAWA BARAT,3214,KABUPATEN PURWAKARTA,LAKI-LAKI,25-44 TAHUN,0,ORANG,2021
32142021,32,JAWA BARAT,3214,KABUPATEN PURWAKARTA,LAKI-LAKI,45-59 TAHUN,0,ORANG,2021
32142021,32,JAWA BARAT,3214,KABUPATEN PURWAKARTA,LAKI-LAKI,60+ TAHUN,0,ORANG,2021
32142021,32,JAWA BARAT,3214,KABUPATEN PURWAKARTA,PEREMPUAN,0-5 TAHUN,0,ORANG,2021
32142021,32,JAWA BARAT,3214,KABUPATEN PURWAKARTA,PEREMPUAN,6-12 TAHUN,0,ORANG,2021
32142021,32,JAWA BARAT,3214,KABUPATEN PURWAKARTA,PEREMPUAN,13-17 TAHUN,0,ORANG,2021
32142021,32,JAWA BARAT,3214,KABUPATEN PURWAKARTA,PEREMPUAN,18-24 TAHUN,0,ORANG,2021
32142021,32,JAWA BARAT,3214,KABUPATEN PURWAKARTA,PEREMPUAN,25-44 TAHUN,0,ORANG,2021
32142021,32,JAWA BARAT,3214,KABUPATEN PURWAKARTA,PEREMPUAN,45-59 TAHUN,0,ORANG,2021
32142021,32,JAWA BARAT,3214,KABUPATEN PURWAKARTA,PEREMPUAN,60+ TAHUN,0,ORANG,2021
32152018,32,JAWA BARAT,3215,KABUPATEN KARAWANG,LAKI-LAKI,0-5 TAHUN,1,ORANG,2018
32152018,32,JAWA BARAT,3215,KABUPATEN KARAWANG,LAKI-LAKI,6-12 TAHUN,1,ORANG,2018
32152018,32,JAWA BARAT,3215,KABUPATEN KARAWANG,LAKI-LAKI,13-17 TAHUN,1,ORANG,2018
32152018,32,JAWA BARAT,3215,KABUPATEN KARAWANG,LAKI-LAKI,18-24 TAHUN,0,ORANG,2018
32152018,32,JAWA BARAT,3215,KABUPATEN KARAWANG,LAKI-LAKI,25-44 TAHUN,2,ORANG,2018
32152018,32,JAWA BARAT,3215,KABUPATEN KARAWANG,LAKI-LAKI,45-59 TAHUN,0,ORANG,2018
32152018,32,JAWA BARAT,3215,KABUPATEN KARAWANG,LAKI-LAKI,60+ TAHUN,0,ORANG,2018
32152018,32,JAWA BARAT,3215,KABUPATEN KARAWANG,PEREMPUAN,0-5 TAHUN,0,ORANG,2018
32152018,32,JAWA BARAT,3215,KABUPATEN KARAWANG,PEREMPUAN,6-12 TAHUN,5,ORANG,2018
32152018,32,JAWA BARAT,3215,KABUPATEN KARAWANG,PEREMPUAN,13-17 TAHUN,7,ORANG,2018
32152018,32,JAWA BARAT,3215,KABUPATEN KARAWANG,PEREMPUAN,18-24 TAHUN,1,ORANG,2018
32152018,32,JAWA BARAT,3215,KABUPATEN KARAWANG,PEREMPUAN,25-44 TAHUN,8,ORANG,2018
32152018,32,JAWA BARAT,3215,KABUPATEN KARAWANG,PEREMPUAN,45-59 TAHUN,1,ORANG,2018
32152018,32,JAWA BARAT,3215,KABUPATEN KARAWANG,PEREMPUAN,60+ TAHUN,0,ORANG,2018
32152021,32,JAWA BARAT,3215,KABUPATEN KARAWANG,LAKI-LAKI,0-5 TAHUN,1,ORANG,2021
32152021,32,JAWA BARAT,3215,KABUPATEN KARAWANG,LAKI-LAKI,6-12 TAHUN,0,ORANG,2021
32152021,32,JAWA BARAT,3215,KABUPATEN KARAWANG,LAKI-LAKI,13-17 TAHUN,1,ORANG,2021
32152021,32,JAWA BARAT,3215,KABUPATEN KARAWANG,LAKI-LAKI,18-24 TAHUN,0,ORANG,2021
32152021,32,JAWA BARAT,3215,KABUPATEN KARAWANG,LAKI-LAKI,25-44 TAHUN,1,ORANG,2021
32152021,32,JAWA BARAT,3215,KABUPATEN KARAWANG,LAKI-LAKI,45-59 TAHUN,0,ORANG,2021
32152021,32,JAWA BARAT,3215,KABUPATEN KARAWANG,LAKI-LAKI,60+ TAHUN,0,ORANG,2021
32152021,32,JAWA BARAT,3215,KABUPATEN KARAWANG,PEREMPUAN,0-5 TAHUN,0,ORANG,2021
32152021,32,JAWA BARAT,3215,KABUPATEN KARAWANG,PEREMPUAN,6-12 TAHUN,1,ORANG,2021
32152021,32,JAWA BARAT,3215,KABUPATEN KARAWANG,PEREMPUAN,13-17 TAHUN,0,ORANG,2021
32152021,32,JAWA BARAT,3215,KABUPATEN KARAWANG,PEREMPUAN,18-24 TAHUN,0,ORANG,2021
32152021,32,JAWA BARAT,3215,KABUPATEN KARAWANG,PEREMPUAN,25-44 TAHUN,2,ORANG,2021
32152021,32,JAWA BARAT,3215,KABUPATEN KARAWANG,PEREMPUAN,45-59 TAHUN,0,ORANG,2021
32152021,32,JAWA BARAT,3215,KABUPATEN KARAWANG,PEREMPUAN,60+ TAHUN,0,ORANG,2021
32162018,32,JAWA BARAT,3216,KABUPATEN BEKASI,LAKI-LAKI,0-5 TAHUN,1,ORANG,2018
32162018,32,JAWA BARAT,3216,KABUPATEN BEKASI,LAKI-LAKI,6-12 TAHUN,1,ORANG,2018
32162018,32,JAWA BARAT,3216,KABUPATEN BEKASI,LAKI-LAKI,13-17 TAHUN,0,ORANG,2018
32162018,32,JAWA BARAT,3216,KABUPATEN BEKASI,LAKI-LAKI,18-24 TAHUN,0,ORANG,2018
32162018,32,JAWA BARAT,3216,KABUPATEN BEKASI,LAKI-LAKI,25-44 TAHUN,1,ORANG,2018
32162018,32,JAWA BARAT,3216,KABUPATEN BEKASI,LAKI-LAKI,45-59 TAHUN,0,ORANG,2018
32162018,32,JAWA BARAT,3216,KABUPATEN BEKASI,LAKI-LAKI,60+ TAHUN,0,ORANG,2018
32162018,32,JAWA BARAT,3216,KABUPATEN BEKASI,PEREMPUAN,0-5 TAHUN,0,ORANG,2018
32162018,32,JAWA BARAT,3216,KABUPATEN BEKASI,PEREMPUAN,6-12 TAHUN,0,ORANG,2018
32162018,32,JAWA BARAT,3216,KABUPATEN BEKASI,PEREMPUAN,13-17 TAHUN,1,ORANG,2018
32162018,32,JAWA BARAT,3216,KABUPATEN BEKASI,PEREMPUAN,18-24 TAHUN,0,ORANG,2018
32162018,32,JAWA BARAT,3216,KABUPATEN BEKASI,PEREMPUAN,25-44 TAHUN,1,ORANG,2018
32162018,32,JAWA BARAT,3216,KABUPATEN BEKASI,PEREMPUAN,45-59 TAHUN,0,ORANG,2018
32162018,32,JAWA BARAT,3216,KABUPATEN BEKASI,PEREMPUAN,60+ TAHUN,0,ORANG,2018
32162021,32,JAWA BARAT,3216,KABUPATEN BEKASI,LAKI-LAKI,0-5 TAHUN,0,ORANG,2021
32162021,32,JAWA BARAT,3216,KABUPATEN BEKASI,LAKI-LAKI,6-12 TAHUN,2,ORANG,2021
32162021,32,JAWA BARAT,3216,KABUPATEN BEKASI,LAKI-LAKI,13-17 TAHUN,1,ORANG,2021
32162021,32,JAWA BARAT,3216,KABUPATEN BEKASI,LAKI-LAKI,18-24 TAHUN,0,ORANG,2021
32162021,32,JAWA BARAT,3216,KABUPATEN BEKASI,LAKI-LAKI,25-44 TAHUN,0,ORANG,2021
32162021,32,JAWA BARAT,3216,KABUPATEN BEKASI,LAKI-LAKI,45-59 TAHUN,0,ORANG,2021
32162021,32,JAWA BARAT,3216,KABUPATEN BEKASI,LAKI-LAKI,60+ TAHUN,0,ORANG,2021
32162021,32,JAWA BARAT,3216,KABUPATEN BEKASI,PEREMPUAN,0-5 TAHUN,3,ORANG,2021
32162021,32,JAWA BARAT,3216,KABUPATEN BEKASI,PEREMPUAN,6-12 TAHUN,0,ORANG,2021
32162021,32,JAWA BARAT,3216,KABUPATEN BEKASI,PEREMPUAN,13-17 TAHUN,1,ORANG,2021
32162021,32,JAWA BARAT,3216,KABUPATEN BEKASI,PEREMPUAN,18-24 TAHUN,7,ORANG,2021
32162021,32,JAWA BARAT,3216,KABUPATEN BEKASI,PEREMPUAN,25-44 TAHUN,10,ORANG,2021
32162021,32,JAWA BARAT,3216,KABUPATEN BEKASI,PEREMPUAN,45-59 TAHUN,0,ORANG,2021
32162021,32,JAWA BARAT,3216,KABUPATEN BEKASI,PEREMPUAN,60+ TAHUN,0,ORANG,2021
32172018,32,JAWA BARAT,3217,KABUPATEN BANDUNG BARAT,LAKI-LAKI,0-5 TAHUN,2,ORANG,2018
32172018,32,JAWA BARAT,3217,KABUPATEN BANDUNG BARAT,LAKI-LAKI,6-12 TAHUN,2,ORANG,2018
32172018,32,JAWA BARAT,3217,KABUPATEN BANDUNG BARAT,LAKI-LAKI,13-17 TAHUN,0,ORANG,2018
32172018,32,JAWA BARAT,3217,KABUPATEN BANDUNG BARAT,LAKI-LAKI,18-24 TAHUN,0,ORANG,2018
32172018,32,JAWA BARAT,3217,KABUPATEN BANDUNG BARAT,LAKI-LAKI,25-44 TAHUN,0,ORANG,2018
32172018,32,JAWA BARAT,3217,KABUPATEN BANDUNG BARAT,LAKI-LAKI,45-59 TAHUN,0,ORANG,2018
32172018,32,JAWA BARAT,3217,KABUPATEN BANDUNG BARAT,LAKI-LAKI,60+ TAHUN,0,ORANG,2018
32172018,32,JAWA BARAT,3217,KABUPATEN BANDUNG BARAT,PEREMPUAN,0-5 TAHUN,2,ORANG,2018
32172018,32,JAWA BARAT,3217,KABUPATEN BANDUNG BARAT,PEREMPUAN,6-12 TAHUN,3,ORANG,2018
32172018,32,JAWA BARAT,3217,KABUPATEN BANDUNG BARAT,PEREMPUAN,13-17 TAHUN,2,ORANG,2018
32172018,32,JAWA BARAT,3217,KABUPATEN BANDUNG BARAT,PEREMPUAN,18-24 TAHUN,1,ORANG,2018
32172018,32,JAWA BARAT,3217,KABUPATEN BANDUNG BARAT,PEREMPUAN,25-44 TAHUN,3,ORANG,2018
32172018,32,JAWA BARAT,3217,KABUPATEN BANDUNG BARAT,PEREMPUAN,45-59 TAHUN,0,ORANG,2018
32172018,32,JAWA BARAT,3217,KABUPATEN BANDUNG BARAT,PEREMPUAN,60+ TAHUN,0,ORANG,2018
32172021,32,JAWA BARAT,3217,KABUPATEN BANDUNG BARAT,LAKI-LAKI,0-5 TAHUN,0,ORANG,2021
32172021,32,JAWA BARAT,3217,KABUPATEN BANDUNG BARAT,LAKI-LAKI,6-12 TAHUN,0,ORANG,2021
32172021,32,JAWA BARAT,3217,KABUPATEN BANDUNG BARAT,LAKI-LAKI,13-17 TAHUN,0,ORANG,2021
32172021,32,JAWA BARAT,3217,KABUPATEN BANDUNG BARAT,LAKI-LAKI,18-24 TAHUN,0,ORANG,2021
32172021,32,JAWA BARAT,3217,KABUPATEN BANDUNG BARAT,LAKI-LAKI,25-44 TAHUN,0,ORANG,2021
32172021,32,JAWA BARAT,3217,KABUPATEN BANDUNG BARAT,LAKI-LAKI,45-59 TAHUN,0,ORANG,2021
32172021,32,JAWA BARAT,3217,KABUPATEN BANDUNG BARAT,LAKI-LAKI,60+ TAHUN,0,ORANG,2021
32172021,32,JAWA BARAT,3217,KABUPATEN BANDUNG BARAT,PEREMPUAN,0-5 TAHUN,2,ORANG,2021
32172021,32,JAWA BARAT,3217,KABUPATEN BANDUNG BARAT,PEREMPUAN,6-12 TAHUN,0,ORANG,2021
32172021,32,JAWA BARAT,3217,KABUPATEN BANDUNG BARAT,PEREMPUAN,13-17 TAHUN,2,ORANG,2021
32172021,32,JAWA BARAT,3217,KABUPATEN BANDUNG BARAT,PEREMPUAN,18-24 TAHUN,3,ORANG,2021
32172021,32,JAWA BARAT,3217,KABUPATEN BANDUNG BARAT,PEREMPUAN,25-44 TAHUN,0,ORANG,2021
32172021,32,JAWA BARAT,3217,KABUPATEN BANDUNG BARAT,PEREMPUAN,45-59 TAHUN,0,ORANG,2021
32172021,32,JAWA BARAT,3217,KABUPATEN BANDUNG BARAT,PEREMPUAN,60+ TAHUN,0,ORANG,2021
32182018,32,JAWA BARAT,3218,KABUPATEN PANGANDARAN,LAKI-LAKI,0-5 TAHUN,0,ORANG,2018
32182018,32,JAWA BARAT,3218,KABUPATEN PANGANDARAN,LAKI-LAKI,6-12 TAHUN,0,ORANG,2018
32182018,32,JAWA BARAT,3218,KABUPATEN PANGANDARAN,LAKI-LAKI,13-17 TAHUN,0,ORANG,2018
32182018,32,JAWA BARAT,3218,KABUPATEN PANGANDARAN,LAKI-LAKI,18-24 TAHUN,0,ORANG,2018
32182018,32,JAWA BARAT,3218,KABUPATEN PANGANDARAN,LAKI-LAKI,25-44 TAHUN,0,ORANG,2018
32182018,32,JAWA BARAT,3218,KABUPATEN PANGANDARAN,LAKI-LAKI,45-59 TAHUN,0,ORANG,2018
32182018,32,JAWA BARAT,3218,KABUPATEN PANGANDARAN,LAKI-LAKI,60+ TAHUN,0,ORANG,2018
32182018,32,JAWA BARAT,3218,KABUPATEN PANGANDARAN,PEREMPUAN,0-5 TAHUN,0,ORANG,2018
32182018,32,JAWA BARAT,3218,KABUPATEN PANGANDARAN,PEREMPUAN,6-12 TAHUN,2,ORANG,2018
32182018,32,JAWA BARAT,3218,KABUPATEN PANGANDARAN,PEREMPUAN,13-17 TAHUN,0,ORANG,2018
32182018,32,JAWA BARAT,3218,KABUPATEN PANGANDARAN,PEREMPUAN,18-24 TAHUN,0,ORANG,2018
32182018,32,JAWA BARAT,3218,KABUPATEN PANGANDARAN,PEREMPUAN,25-44 TAHUN,1,ORANG,2018
32182018,32,JAWA BARAT,3218,KABUPATEN PANGANDARAN,PEREMPUAN,45-59 TAHUN,0,ORANG,2018
32182018,32,JAWA BARAT,3218,KABUPATEN PANGANDARAN,PEREMPUAN,60+ TAHUN,0,ORANG,2018
32182021,32,JAWA BARAT,3218,KABUPATEN PANGANDARAN,LAKI-LAKI,0-5 TAHUN,0,ORANG,2021
32182021,32,JAWA BARAT,3218,KABUPATEN PANGANDARAN,LAKI-LAKI,6-12 TAHUN,0,ORANG,2021
32182021,32,JAWA BARAT,3218,KABUPATEN PANGANDARAN,LAKI-LAKI,13-17 TAHUN,0,ORANG,2021
32182021,32,JAWA BARAT,3218,KABUPATEN PANGANDARAN,LAKI-LAKI,18-24 TAHUN,0,ORANG,2021
32182021,32,JAWA BARAT,3218,KABUPATEN PANGANDARAN,LAKI-LAKI,25-44 TAHUN,0,ORANG,2021
32182021,32,JAWA BARAT,3218,KABUPATEN PANGANDARAN,LAKI-LAKI,45-59 TAHUN,0,ORANG,2021
32182021,32,JAWA BARAT,3218,KABUPATEN PANGANDARAN,LAKI-LAKI,60+ TAHUN,0,ORANG,2021
32182021,32,JAWA BARAT,3218,KABUPATEN PANGANDARAN,PEREMPUAN,0-5 TAHUN,0,ORANG,2021
32182021,32,JAWA BARAT,3218,KABUPATEN PANGANDARAN,PEREMPUAN,6-12 TAHUN,1,ORANG,2021
32182021,32,JAWA BARAT,3218,KABUPATEN PANGANDARAN,PEREMPUAN,13-17 TAHUN,2,ORANG,2021
32182021,32,JAWA BARAT,3218,KABUPATEN PANGANDARAN,PEREMPUAN,18-24 TAHUN,0,ORANG,2021
32182021,32,JAWA BARAT,3218,KABUPATEN PANGANDARAN,PEREMPUAN,25-44 TAHUN,0,ORANG,2021
32182021,32,JAWA BARAT,3218,KABUPATEN PANGANDARAN,PEREMPUAN,45-59 TAHUN,0,ORANG,2021
32182021,32,JAWA BARAT,3218,KABUPATEN PANGANDARAN,PEREMPUAN,60+ TAHUN,0,ORANG,2021
32712018,32,JAWA BARAT,3271,KOTA BOGOR,LAKI-LAKI,0-5 TAHUN,0,ORANG,2018
32712018,32,JAWA BARAT,3271,KOTA BOGOR,LAKI-LAKI,6-12 TAHUN,2,ORANG,2018
32712018,32,JAWA BARAT,3271,KOTA BOGOR,LAKI-LAKI,13-17 TAHUN,0,ORANG,2018
32712018,32,JAWA BARAT,3271,KOTA BOGOR,LAKI-LAKI,18-24 TAHUN,0,ORANG,2018
32712018,32,JAWA BARAT,3271,KOTA BOGOR,LAKI-LAKI,25-44 TAHUN,0,ORANG,2018
32712018,32,JAWA BARAT,3271,KOTA BOGOR,LAKI-LAKI,45-59 TAHUN,0,ORANG,2018
32712018,32,JAWA BARAT,3271,KOTA BOGOR,LAKI-LAKI,60+ TAHUN,0,ORANG,2018
32712018,32,JAWA BARAT,3271,KOTA BOGOR,PEREMPUAN,0-5 TAHUN,0,ORANG,2018
32712018,32,JAWA BARAT,3271,KOTA BOGOR,PEREMPUAN,6-12 TAHUN,5,ORANG,2018
32712018,32,JAWA BARAT,3271,KOTA BOGOR,PEREMPUAN,13-17 TAHUN,4,ORANG,2018
32712018,32,JAWA BARAT,3271,KOTA BOGOR,PEREMPUAN,18-24 TAHUN,1,ORANG,2018
32712018,32,JAWA BARAT,3271,KOTA BOGOR,PEREMPUAN,25-44 TAHUN,1,ORANG,2018
32712018,32,JAWA BARAT,3271,KOTA BOGOR,PEREMPUAN,45-59 TAHUN,0,ORANG,2018
32712018,32,JAWA BARAT,3271,KOTA BOGOR,PEREMPUAN,60+ TAHUN,0,ORANG,2018
32712021,32,JAWA BARAT,3271,KOTA BOGOR,LAKI-LAKI,0-5 TAHUN,0,ORANG,2021
32712021,32,JAWA BARAT,3271,KOTA BOGOR,LAKI-LAKI,6-12 TAHUN,2,ORANG,2021
32712021,32,JAWA BARAT,3271,KOTA BOGOR,LAKI-LAKI,13-17 TAHUN,1,ORANG,2021
32712021,32,JAWA BARAT,3271,KOTA BOGOR,LAKI-LAKI,18-24 TAHUN,0,ORANG,2021
32712021,32,JAWA BARAT,3271,KOTA BOGOR,LAKI-LAKI,25-44 TAHUN,0,ORANG,2021
32712021,32,JAWA BARAT,3271,KOTA BOGOR,LAKI-LAKI,45-59 TAHUN,0,ORANG,2021
32712021,32,JAWA BARAT,3271,KOTA BOGOR,LAKI-LAKI,60+ TAHUN,0,ORANG,2021
32712021,32,JAWA BARAT,3271,KOTA BOGOR,PEREMPUAN,0-5 TAHUN,1,ORANG,2021
32712021,32,JAWA BARAT,3271,KOTA BOGOR,PEREMPUAN,6-12 TAHUN,0,ORANG,2021
32712021,32,JAWA BARAT,3271,KOTA BOGOR,PEREMPUAN,13-17 TAHUN,6,ORANG,2021
32712021,32,JAWA BARAT,3271,KOTA BOGOR,PEREMPUAN,18-24 TAHUN,3,ORANG,2021
32712021,32,JAWA BARAT,3271,KOTA BOGOR,PEREMPUAN,25-44 TAHUN,11,ORANG,2021
32712021,32,JAWA BARAT,3271,KOTA BOGOR,PEREMPUAN,45-59 TAHUN,4,ORANG,2021
32712021,32,JAWA BARAT,3271,KOTA BOGOR,PEREMPUAN,60+ TAHUN,0,ORANG,2021
32722018,32,JAWA BARAT,3272,KOTA SUKABUMI,LAKI-LAKI,0-5 TAHUN,1,ORANG,2018
32722018,32,JAWA BARAT,3272,KOTA SUKABUMI,LAKI-LAKI,6-12 TAHUN,9,ORANG,2018
32722018,32,JAWA BARAT,3272,KOTA SUKABUMI,LAKI-LAKI,13-17 TAHUN,2,ORANG,2018
32722018,32,JAWA BARAT,3272,KOTA SUKABUMI,LAKI-LAKI,18-24 TAHUN,0,ORANG,2018
32722018,32,JAWA BARAT,3272,KOTA SUKABUMI,LAKI-LAKI,25-44 TAHUN,0,ORANG,2018
32722018,32,JAWA BARAT,3272,KOTA SUKABUMI,LAKI-LAKI,45-59 TAHUN,0,ORANG,2018
32722018,32,JAWA BARAT,3272,KOTA SUKABUMI,LAKI-LAKI,60+ TAHUN,0,ORANG,2018
32722018,32,JAWA BARAT,3272,KOTA SUKABUMI,PEREMPUAN,0-5 TAHUN,0,ORANG,2018
32722018,32,JAWA BARAT,3272,KOTA SUKABUMI,PEREMPUAN,6-12 TAHUN,3,ORANG,2018
32722018,32,JAWA BARAT,3272,KOTA SUKABUMI,PEREMPUAN,13-17 TAHUN,7,ORANG,2018
32722018,32,JAWA BARAT,3272,KOTA SUKABUMI,PEREMPUAN,18-24 TAHUN,1,ORANG,2018
32722018,32,JAWA BARAT,3272,KOTA SUKABUMI,PEREMPUAN,25-44 TAHUN,6,ORANG,2018
32722018,32,JAWA BARAT,3272,KOTA SUKABUMI,PEREMPUAN,45-59 TAHUN,0,ORANG,2018
32722018,32,JAWA BARAT,3272,KOTA SUKABUMI,PEREMPUAN,60+ TAHUN,0,ORANG,2018
32722021,32,JAWA BARAT,3272,KOTA SUKABUMI,LAKI-LAKI,0-5 TAHUN,0,ORANG,2021
32722021,32,JAWA BARAT,3272,KOTA SUKABUMI,LAKI-LAKI,6-12 TAHUN,0,ORANG,2021
32722021,32,JAWA BARAT,3272,KOTA SUKABUMI,LAKI-LAKI,13-17 TAHUN,0,ORANG,2021
32722021,32,JAWA BARAT,3272,KOTA SUKABUMI,LAKI-LAKI,18-24 TAHUN,0,ORANG,2021
32722021,32,JAWA BARAT,3272,KOTA SUKABUMI,LAKI-LAKI,25-44 TAHUN,0,ORANG,2021
32722021,32,JAWA BARAT,3272,KOTA SUKABUMI,LAKI-LAKI,45-59 TAHUN,0,ORANG,2021
32722021,32,JAWA BARAT,3272,KOTA SUKABUMI,LAKI-LAKI,60+ TAHUN,0,ORANG,2021
32722021,32,JAWA BARAT,3272,KOTA SUKABUMI,PEREMPUAN,0-5 TAHUN,1,ORANG,2021
32722021,32,JAWA BARAT,3272,KOTA SUKABUMI,PEREMPUAN,6-12 TAHUN,0,ORANG,2021
32722021,32,JAWA BARAT,3272,KOTA SUKABUMI,PEREMPUAN,13-17 TAHUN,3,ORANG,2021
32722021,32,JAWA BARAT,3272,KOTA SUKABUMI,PEREMPUAN,18-24 TAHUN,0,ORANG,2021
32722021,32,JAWA BARAT,3272,KOTA SUKABUMI,PEREMPUAN,25-44 TAHUN,4,ORANG,2021
32722021,32,JAWA BARAT,3272,KOTA SUKABUMI,PEREMPUAN,45-59 TAHUN,0,ORANG,2021
32722021,32,JAWA BARAT,3272,KOTA SUKABUMI,PEREMPUAN,60+ TAHUN,0,ORANG,2021
32732018,32,JAWA BARAT,3273,KOTA BANDUNG,LAKI-LAKI,0-5 TAHUN,2,ORANG,2018
32732018,32,JAWA BARAT,3273,KOTA BANDUNG,LAKI-LAKI,6-12 TAHUN,5,ORANG,2018
32732018,32,JAWA BARAT,3273,KOTA BANDUNG,LAKI-LAKI,13-17 TAHUN,1,ORANG,2018
32732018,32,JAWA BARAT,3273,KOTA BANDUNG,LAKI-LAKI,18-24 TAHUN,0,ORANG,2018
32732018,32,JAWA BARAT,3273,KOTA BANDUNG,LAKI-LAKI,25-44 TAHUN,2,ORANG,2018
32732018,32,JAWA BARAT,3273,KOTA BANDUNG,LAKI-LAKI,45-59 TAHUN,0,ORANG,2018
32732018,32,JAWA BARAT,3273,KOTA BANDUNG,LAKI-LAKI,60+ TAHUN,0,ORANG,2018
32732018,32,JAWA BARAT,3273,KOTA BANDUNG,PEREMPUAN,0-5 TAHUN,1,ORANG,2018
32732018,32,JAWA BARAT,3273,KOTA BANDUNG,PEREMPUAN,6-12 TAHUN,5,ORANG,2018
32732018,32,JAWA BARAT,3273,KOTA BANDUNG,PEREMPUAN,13-17 TAHUN,9,ORANG,2018
32732018,32,JAWA BARAT,3273,KOTA BANDUNG,PEREMPUAN,18-24 TAHUN,5,ORANG,2018
32732018,32,JAWA BARAT,3273,KOTA BANDUNG,PEREMPUAN,25-44 TAHUN,10,ORANG,2018
32732018,32,JAWA BARAT,3273,KOTA BANDUNG,PEREMPUAN,45-59 TAHUN,4,ORANG,2018
32732018,32,JAWA BARAT,3273,KOTA BANDUNG,PEREMPUAN,60+ TAHUN,1,ORANG,2018
32732021,32,JAWA BARAT,3273,KOTA BANDUNG,LAKI-LAKI,0-5 TAHUN,1,ORANG,2021
32732021,32,JAWA BARAT,3273,KOTA BANDUNG,LAKI-LAKI,6-12 TAHUN,0,ORANG,2021
32732021,32,JAWA BARAT,3273,KOTA BANDUNG,LAKI-LAKI,13-17 TAHUN,2,ORANG,2021
32732021,32,JAWA BARAT,3273,KOTA BANDUNG,LAKI-LAKI,18-24 TAHUN,0,ORANG,2021
32732021,32,JAWA BARAT,3273,KOTA BANDUNG,LAKI-LAKI,25-44 TAHUN,1,ORANG,2021
32732021,32,JAWA BARAT,3273,KOTA BANDUNG,LAKI-LAKI,45-59 TAHUN,1,ORANG,2021
32732021,32,JAWA BARAT,3273,KOTA BANDUNG,LAKI-LAKI,60+ TAHUN,0,ORANG,2021
32732021,32,JAWA BARAT,3273,KOTA BANDUNG,PEREMPUAN,0-5 TAHUN,3,ORANG,2021
32732021,32,JAWA BARAT,3273,KOTA BANDUNG,PEREMPUAN,6-12 TAHUN,7,ORANG,2021
32732021,32,JAWA BARAT,3273,KOTA BANDUNG,PEREMPUAN,13-17 TAHUN,14,ORANG,2021
32732021,32,JAWA BARAT,3273,KOTA BANDUNG,PEREMPUAN,18-24 TAHUN,10,ORANG,2021
32732021,32,JAWA BARAT,3273,KOTA BANDUNG,PEREMPUAN,25-44 TAHUN,21,ORANG,2021
32732021,32,JAWA BARAT,3273,KOTA BANDUNG,PEREMPUAN,45-59 TAHUN,4,ORANG,2021
32732021,32,JAWA BARAT,3273,KOTA BANDUNG,PEREMPUAN,60+ TAHUN,0,ORANG,2021
32742018,32,JAWA BARAT,3274,KOTA CIREBON,LAKI-LAKI,0-5 TAHUN,0,ORANG,2018
32742018,32,JAWA BARAT,3274,KOTA CIREBON,LAKI-LAKI,6-12 TAHUN,7,ORANG,2018
32742018,32,JAWA BARAT,3274,KOTA CIREBON,LAKI-LAKI,13-17 TAHUN,1,ORANG,2018
32742018,32,JAWA BARAT,3274,KOTA CIREBON,LAKI-LAKI,18-24 TAHUN,0,ORANG,2018
32742018,32,JAWA BARAT,3274,KOTA CIREBON,LAKI-LAKI,25-44 TAHUN,0,ORANG,2018
32742018,32,JAWA BARAT,3274,KOTA CIREBON,LAKI-LAKI,45-59 TAHUN,0,ORANG,2018
32742018,32,JAWA BARAT,3274,KOTA CIREBON,LAKI-LAKI,60+ TAHUN,0,ORANG,2018
32742018,32,JAWA BARAT,3274,KOTA CIREBON,PEREMPUAN,0-5 TAHUN,0,ORANG,2018
32742018,32,JAWA BARAT,3274,KOTA CIREBON,PEREMPUAN,6-12 TAHUN,0,ORANG,2018
32742018,32,JAWA BARAT,3274,KOTA CIREBON,PEREMPUAN,13-17 TAHUN,0,ORANG,2018
32742018,32,JAWA BARAT,3274,KOTA CIREBON,PEREMPUAN,18-24 TAHUN,0,ORANG,2018
32742018,32,JAWA BARAT,3274,KOTA CIREBON,PEREMPUAN,25-44 TAHUN,0,ORANG,2018
32742018,32,JAWA BARAT,3274,KOTA CIREBON,PEREMPUAN,45-59 TAHUN,0,ORANG,2018
32742018,32,JAWA BARAT,3274,KOTA CIREBON,PEREMPUAN,60+ TAHUN,0,ORANG,2018
32742021,32,JAWA BARAT,3274,KOTA CIREBON,LAKI-LAKI,0-5 TAHUN,0,ORANG,2021
32742021,32,JAWA BARAT,3274,KOTA CIREBON,LAKI-LAKI,6-12 TAHUN,1,ORANG,2021
32742021,32,JAWA BARAT,3274,KOTA CIREBON,LAKI-LAKI,13-17 TAHUN,0,ORANG,2021
32742021,32,JAWA BARAT,3274,KOTA CIREBON,LAKI-LAKI,18-24 TAHUN,0,ORANG,2021
32742021,32,JAWA BARAT,3274,KOTA CIREBON,LAKI-LAKI,25-44 TAHUN,0,ORANG,2021
32742021,32,JAWA BARAT,3274,KOTA CIREBON,LAKI-LAKI,45-59 TAHUN,0,ORANG,2021
32742021,32,JAWA BARAT,3274,KOTA CIREBON,LAKI-LAKI,60+ TAHUN,0,ORANG,2021
32742021,32,JAWA BARAT,3274,KOTA CIREBON,PEREMPUAN,0-5 TAHUN,0,ORANG,2021
32742021,32,JAWA BARAT,3274,KOTA CIREBON,PEREMPUAN,6-12 TAHUN,0,ORANG,2021
32742021,32,JAWA BARAT,3274,KOTA CIREBON,PEREMPUAN,13-17 TAHUN,0,ORANG,2021
32742021,32,JAWA BARAT,3274,KOTA CIREBON,PEREMPUAN,18-24 TAHUN,0,ORANG,2021
32742021,32,JAWA BARAT,3274,KOTA CIREBON,PEREMPUAN,25-44 TAHUN,0,ORANG,2021
32742021,32,JAWA BARAT,3274,KOTA CIREBON,PEREMPUAN,45-59 TAHUN,0,ORANG,2021
32742021,32,JAWA BARAT,3274,KOTA CIREBON,PEREMPUAN,60+ TAHUN,0,ORANG,2021
32752018,32,JAWA BARAT,3275,KOTA BEKASI,LAKI-LAKI,0-5 TAHUN,0,ORANG,2018
32752018,32,JAWA BARAT,3275,KOTA BEKASI,LAKI-LAKI,6-12 TAHUN,1,ORANG,2018
32752018,32,JAWA BARAT,3275,KOTA BEKASI,LAKI-LAKI,13-17 TAHUN,0,ORANG,2018
32752018,32,JAWA BARAT,3275,KOTA BEKASI,LAKI-LAKI,18-24 TAHUN,0,ORANG,2018
32752018,32,JAWA BARAT,3275,KOTA BEKASI,LAKI-LAKI,25-44 TAHUN,0,ORANG,2018
32752018,32,JAWA BARAT,3275,KOTA BEKASI,LAKI-LAKI,45-59 TAHUN,0,ORANG,2018
32752018,32,JAWA BARAT,3275,KOTA BEKASI,LAKI-LAKI,60+ TAHUN,0,ORANG,2018
32752018,32,JAWA BARAT,3275,KOTA BEKASI,PEREMPUAN,0-5 TAHUN,0,ORANG,2018
32752018,32,JAWA BARAT,3275,KOTA BEKASI,PEREMPUAN,6-12 TAHUN,0,ORANG,2018
32752018,32,JAWA BARAT,3275,KOTA BEKASI,PEREMPUAN,13-17 TAHUN,1,ORANG,2018
32752018,32,JAWA BARAT,3275,KOTA BEKASI,PEREMPUAN,18-24 TAHUN,0,ORANG,2018
32752018,32,JAWA BARAT,3275,KOTA BEKASI,PEREMPUAN,25-44 TAHUN,1,ORANG,2018
32752018,32,JAWA BARAT,3275,KOTA BEKASI,PEREMPUAN,45-59 TAHUN,0,ORANG,2018
32752018,32,JAWA BARAT,3275,KOTA BEKASI,PEREMPUAN,60+ TAHUN,0,ORANG,2018
32752021,32,JAWA BARAT,3275,KOTA BEKASI,LAKI-LAKI,0-5 TAHUN,0,ORANG,2021
32752021,32,JAWA BARAT,3275,KOTA BEKASI,LAKI-LAKI,6-12 TAHUN,0,ORANG,2021
32752021,32,JAWA BARAT,3275,KOTA BEKASI,LAKI-LAKI,13-17 TAHUN,0,ORANG,2021
32752021,32,JAWA BARAT,3275,KOTA BEKASI,LAKI-LAKI,18-24 TAHUN,0,ORANG,2021
32752021,32,JAWA BARAT,3275,KOTA BEKASI,LAKI-LAKI,25-44 TAHUN,0,ORANG,2021
32752021,32,JAWA BARAT,3275,KOTA BEKASI,LAKI-LAKI,45-59 TAHUN,0,ORANG,2021
32752021,32,JAWA BARAT,3275,KOTA BEKASI,LAKI-LAKI,60+ TAHUN,0,ORANG,2021
32752021,32,JAWA BARAT,3275,KOTA BEKASI,PEREMPUAN,0-5 TAHUN,0,ORANG,2021
32752021,32,JAWA BARAT,3275,KOTA BEKASI,PEREMPUAN,6-12 TAHUN,2,ORANG,2021
32752021,32,JAWA BARAT,3275,KOTA BEKASI,PEREMPUAN,13-17 TAHUN,0,ORANG,2021
32752021,32,JAWA BARAT,3275,KOTA BEKASI,PEREMPUAN,18-24 TAHUN,0,ORANG,2021
32752021,32,JAWA BARAT,3275,KOTA BEKASI,PEREMPUAN,25-44 TAHUN,0,ORANG,2021
32752021,32,JAWA BARAT,3275,KOTA BEKASI,PEREMPUAN,45-59 TAHUN,0,ORANG,2021
32752021,32,JAWA BARAT,3275,KOTA BEKASI,PEREMPUAN,60+ TAHUN,0,ORANG,2021
32762018,32,JAWA BARAT,3276,KOTA DEPOK,LAKI-LAKI,0-5 TAHUN,0,ORANG,2018
32762018,32,JAWA BARAT,3276,KOTA DEPOK,LAKI-LAKI,6-12 TAHUN,1,ORANG,2018
32762018,32,JAWA BARAT,3276,KOTA DEPOK,LAKI-LAKI,13-17 TAHUN,2,ORANG,2018
32762018,32,JAWA BARAT,3276,KOTA DEPOK,LAKI-LAKI,18-24 TAHUN,0,ORANG,2018
32762018,32,JAWA BARAT,3276,KOTA DEPOK,LAKI-LAKI,25-44 TAHUN,0,ORANG,2018
32762018,32,JAWA BARAT,3276,KOTA DEPOK,LAKI-LAKI,45-59 TAHUN,0,ORANG,2018
32762018,32,JAWA BARAT,3276,KOTA DEPOK,LAKI-LAKI,60+ TAHUN,0,ORANG,2018
32762018,32,JAWA BARAT,3276,KOTA DEPOK,PEREMPUAN,0-5 TAHUN,0,ORANG,2018
32762018,32,JAWA BARAT,3276,KOTA DEPOK,PEREMPUAN,6-12 TAHUN,0,ORANG,2018
32762018,32,JAWA BARAT,3276,KOTA DEPOK,PEREMPUAN,13-17 TAHUN,3,ORANG,2018
32762018,32,JAWA BARAT,3276,KOTA DEPOK,PEREMPUAN,18-24 TAHUN,0,ORANG,2018
32762018,32,JAWA BARAT,3276,KOTA DEPOK,PEREMPUAN,25-44 TAHUN,2,ORANG,2018
32762018,32,JAWA BARAT,3276,KOTA DEPOK,PEREMPUAN,45-59 TAHUN,1,ORANG,2018
32762018,32,JAWA BARAT,3276,KOTA DEPOK,PEREMPUAN,60+ TAHUN,0,ORANG,2018
32762021,32,JAWA BARAT,3276,KOTA DEPOK,LAKI-LAKI,0-5 TAHUN,1,ORANG,2021
32762021,32,JAWA BARAT,3276,KOTA DEPOK,LAKI-LAKI,6-12 TAHUN,5,ORANG,2021
32762021,32,JAWA BARAT,3276,KOTA DEPOK,LAKI-LAKI,13-17 TAHUN,1,ORANG,2021
32762021,32,JAWA BARAT,3276,KOTA DEPOK,LAKI-LAKI,18-24 TAHUN,0,ORANG,2021
32762021,32,JAWA BARAT,3276,KOTA DEPOK,LAKI-LAKI,25-44 TAHUN,0,ORANG,2021
32762021,32,JAWA BARAT,3276,KOTA DEPOK,LAKI-LAKI,45-59 TAHUN,0,ORANG,2021
32762021,32,JAWA BARAT,3276,KOTA DEPOK,LAKI-LAKI,60+ TAHUN,0,ORANG,2021
32762021,32,JAWA BARAT,3276,KOTA DEPOK,PEREMPUAN,0-5 TAHUN,3,ORANG,2021
32762021,32,JAWA BARAT,3276,KOTA DEPOK,PEREMPUAN,6-12 TAHUN,12,ORANG,2021
32762021,32,JAWA BARAT,3276,KOTA DEPOK,PEREMPUAN,13-17 TAHUN,13,ORANG,2021
32762021,32,JAWA BARAT,3276,KOTA DEPOK,PEREMPUAN,18-24 TAHUN,8,ORANG,2021
32762021,32,JAWA BARAT,3276,KOTA DEPOK,PEREMPUAN,25-44 TAHUN,33,ORANG,2021
32762021,32,JAWA BARAT,3276,KOTA DEPOK,PEREMPUAN,45-59 TAHUN,8,ORANG,2021
32762021,32,JAWA BARAT,3276,KOTA DEPOK,PEREMPUAN,60+ TAHUN,0,ORANG,2021
32772018,32,JAWA BARAT,3277,KOTA CIMAHI,LAKI-LAKI,0-5 TAHUN,0,ORANG,2018
32772018,32,JAWA BARAT,3277,KOTA CIMAHI,LAKI-LAKI,6-12 TAHUN,2,ORANG,2018
32772018,32,JAWA BARAT,3277,KOTA CIMAHI,LAKI-LAKI,13-17 TAHUN,2,ORANG,2018
32772018,32,JAWA BARAT,3277,KOTA CIMAHI,LAKI-LAKI,18-24 TAHUN,0,ORANG,2018
32772018,32,JAWA BARAT,3277,KOTA CIMAHI,LAKI-LAKI,25-44 TAHUN,0,ORANG,2018
32772018,32,JAWA BARAT,3277,KOTA CIMAHI,LAKI-LAKI,45-59 TAHUN,0,ORANG,2018
32772018,32,JAWA BARAT,3277,KOTA CIMAHI,LAKI-LAKI,60+ TAHUN,0,ORANG,2018
32772018,32,JAWA BARAT,3277,KOTA CIMAHI,PEREMPUAN,0-5 TAHUN,0,ORANG,2018
32772018,32,JAWA BARAT,3277,KOTA CIMAHI,PEREMPUAN,6-12 TAHUN,5,ORANG,2018
32772018,32,JAWA BARAT,3277,KOTA CIMAHI,PEREMPUAN,13-17 TAHUN,2,ORANG,2018
32772018,32,JAWA BARAT,3277,KOTA CIMAHI,PEREMPUAN,18-24 TAHUN,1,ORANG,2018
32772018,32,JAWA BARAT,3277,KOTA CIMAHI,PEREMPUAN,25-44 TAHUN,4,ORANG,2018
32772018,32,JAWA BARAT,3277,KOTA CIMAHI,PEREMPUAN,45-59 TAHUN,0,ORANG,2018
32772018,32,JAWA BARAT,3277,KOTA CIMAHI,PEREMPUAN,60+ TAHUN,0,ORANG,2018
32772021,32,JAWA BARAT,3277,KOTA CIMAHI,LAKI-LAKI,0-5 TAHUN,0,ORANG,2021
32772021,32,JAWA BARAT,3277,KOTA CIMAHI,LAKI-LAKI,6-12 TAHUN,0,ORANG,2021
32772021,32,JAWA BARAT,3277,KOTA CIMAHI,LAKI-LAKI,13-17 TAHUN,0,ORANG,2021
32772021,32,JAWA BARAT,3277,KOTA CIMAHI,LAKI-LAKI,18-24 TAHUN,0,ORANG,2021
32772021,32,JAWA BARAT,3277,KOTA CIMAHI,LAKI-LAKI,25-44 TAHUN,0,ORANG,2021
32772021,32,JAWA BARAT,3277,KOTA CIMAHI,LAKI-LAKI,45-59 TAHUN,0,ORANG,2021
32772021,32,JAWA BARAT,3277,KOTA CIMAHI,LAKI-LAKI,60+ TAHUN,0,ORANG,2021
32772021,32,JAWA BARAT,3277,KOTA CIMAHI,PEREMPUAN,0-5 TAHUN,0,ORANG,2021
32772021,32,JAWA BARAT,3277,KOTA CIMAHI,PEREMPUAN,6-12 TAHUN,1,ORANG,2021
32772021,32,JAWA BARAT,3277,KOTA CIMAHI,PEREMPUAN,13-17 TAHUN,0,ORANG,2021
32772021,32,JAWA BARAT,3277,KOTA CIMAHI,PEREMPUAN,18-24 TAHUN,0,ORANG,2021
32772021,32,JAWA BARAT,3277,KOTA CIMAHI,PEREMPUAN,25-44 TAHUN,1,ORANG,2021
32772021,32,JAWA BARAT,3277,KOTA CIMAHI,PEREMPUAN,45-59 TAHUN,0,ORANG,2021
32772021,32,JAWA BARAT,3277,KOTA CIMAHI,PEREMPUAN,60+ TAHUN,0,ORANG,2021
32782018,32,JAWA BARAT,3278,KOTA TASIKMALAYA,LAKI-LAKI,0-5 TAHUN,0,ORANG,2018
32782018,32,JAWA BARAT,3278,KOTA TASIKMALAYA,LAKI-LAKI,6-12 TAHUN,0,ORANG,2018
32782018,32,JAWA BARAT,3278,KOTA TASIKMALAYA,LAKI-LAKI,13-17 TAHUN,1,ORANG,2018
32782018,32,JAWA BARAT,3278,KOTA TASIKMALAYA,LAKI-LAKI,18-24 TAHUN,0,ORANG,2018
32782018,32,JAWA BARAT,3278,KOTA TASIKMALAYA,LAKI-LAKI,25-44 TAHUN,1,ORANG,2018
32782018,32,JAWA BARAT,3278,KOTA TASIKMALAYA,LAKI-LAKI,45-59 TAHUN,0,ORANG,2018
32782018,32,JAWA BARAT,3278,KOTA TASIKMALAYA,LAKI-LAKI,60+ TAHUN,0,ORANG,2018
32782018,32,JAWA BARAT,3278,KOTA TASIKMALAYA,PEREMPUAN,0-5 TAHUN,0,ORANG,2018
32782018,32,JAWA BARAT,3278,KOTA TASIKMALAYA,PEREMPUAN,6-12 TAHUN,3,ORANG,2018
32782018,32,JAWA BARAT,3278,KOTA TASIKMALAYA,PEREMPUAN,13-17 TAHUN,2,ORANG,2018
32782018,32,JAWA BARAT,3278,KOTA TASIKMALAYA,PEREMPUAN,18-24 TAHUN,1,ORANG,2018
32782018,32,JAWA BARAT,3278,KOTA TASIKMALAYA,PEREMPUAN,25-44 TAHUN,1,ORANG,2018
32782018,32,JAWA BARAT,3278,KOTA TASIKMALAYA,PEREMPUAN,45-59 TAHUN,1,ORANG,2018
32782018,32,JAWA BARAT,3278,KOTA TASIKMALAYA,PEREMPUAN,60+ TAHUN,0,ORANG,2018
32782021,32,JAWA BARAT,3278,KOTA TASIKMALAYA,LAKI-LAKI,0-5 TAHUN,0,ORANG,2021
32782021,32,JAWA BARAT,3278,KOTA TASIKMALAYA,LAKI-LAKI,6-12 TAHUN,0,ORANG,2021
32782021,32,JAWA BARAT,3278,KOTA TASIKMALAYA,LAKI-LAKI,13-17 TAHUN,0,ORANG,2021
32782021,32,JAWA BARAT,3278,KOTA TASIKMALAYA,LAKI-LAKI,18-24 TAHUN,0,ORANG,2021
32782021,32,JAWA BARAT,3278,KOTA TASIKMALAYA,LAKI-LAKI,25-44 TAHUN,0,ORANG,2021
32782021,32,JAWA BARAT,3278,KOTA TASIKMALAYA,LAKI-LAKI,45-59 TAHUN,0,ORANG,2021
32782021,32,JAWA BARAT,3278,KOTA TASIKMALAYA,LAKI-LAKI,60+ TAHUN,0,ORANG,2021
32782021,32,JAWA BARAT,3278,KOTA TASIKMALAYA,PEREMPUAN,0-5 TAHUN,0,ORANG,2021
32782021,32,JAWA BARAT,3278,KOTA TASIKMALAYA,PEREMPUAN,6-12 TAHUN,1,ORANG,2021
32782021,32,JAWA BARAT,3278,KOTA TASIKMALAYA,PEREMPUAN,13-17 TAHUN,0,ORANG,2021
32782021,32,JAWA BARAT,3278,KOTA TASIKMALAYA,PEREMPUAN,18-24 TAHUN,0,ORANG,2021
32782021,32,JAWA BARAT,3278,KOTA TASIKMALAYA,PEREMPUAN,25-44 TAHUN,0,ORANG,2021
32782021,32,JAWA BARAT,3278,KOTA TASIKMALAYA,PEREMPUAN,45-59 TAHUN,0,ORANG,2021
32782021,32,JAWA BARAT,3278,KOTA TASIKMALAYA,PEREMPUAN,60+ TAHUN,0,ORANG,2021
32792018,32,JAWA BARAT,3279,KOTA BANJAR,LAKI-LAKI,0-5 TAHUN,0,ORANG,2018
32792018,32,JAWA BARAT,3279,KOTA BANJAR,LAKI-LAKI,6-12 TAHUN,1,ORANG,2018
32792018,32,JAWA BARAT,3279,KOTA BANJAR,LAKI-LAKI,13-17 TAHUN,5,ORANG,2018
32792018,32,JAWA BARAT,3279,KOTA BANJAR,LAKI-LAKI,18-24 TAHUN,0,ORANG,2018
32792018,32,JAWA BARAT,3279,KOTA BANJAR,LAKI-LAKI,25-44 TAHUN,0,ORANG,2018
32792018,32,JAWA BARAT,3279,KOTA BANJAR,LAKI-LAKI,45-59 TAHUN,0,ORANG,2018
32792018,32,JAWA BARAT,3279,KOTA BANJAR,LAKI-LAKI,60+ TAHUN,0,ORANG,2018
32792018,32,JAWA BARAT,3279,KOTA BANJAR,PEREMPUAN,0-5 TAHUN,1,ORANG,2018
32792018,32,JAWA BARAT,3279,KOTA BANJAR,PEREMPUAN,6-12 TAHUN,1,ORANG,2018
32792018,32,JAWA BARAT,3279,KOTA BANJAR,PEREMPUAN,13-17 TAHUN,5,ORANG,2018
32792018,32,JAWA BARAT,3279,KOTA BANJAR,PEREMPUAN,18-24 TAHUN,1,ORANG,2018
32792018,32,JAWA BARAT,3279,KOTA BANJAR,PEREMPUAN,25-44 TAHUN,1,ORANG,2018
32792018,32,JAWA BARAT,3279,KOTA BANJAR,PEREMPUAN,45-59 TAHUN,0,ORANG,2018
32792018,32,JAWA BARAT,3279,KOTA BANJAR,PEREMPUAN,60+ TAHUN,0,ORANG,2018
32792021,32,JAWA BARAT,3279,KOTA BANJAR,LAKI-LAKI,0-5 TAHUN,0,ORANG,2021
32792021,32,JAWA BARAT,3279,KOTA BANJAR,LAKI-LAKI,6-12 TAHUN,0,ORANG,2021
32792021,32,JAWA BARAT,3279,KOTA BANJAR,LAKI-LAKI,13-17 TAHUN,0,ORANG,2021
32792021,32,JAWA BARAT,3279,KOTA BANJAR,LAKI-LAKI,18-24 TAHUN,0,ORANG,2021
32792021,32,JAWA BARAT,3279,KOTA BANJAR,LAKI-LAKI,25-44 TAHUN,0,ORANG,2021
32792021,32,JAWA BARAT,3279,KOTA BANJAR,LAKI-LAKI,45-59 TAHUN,0,ORANG,2021
32792021,32,JAWA BARAT,3279,KOTA BANJAR,LAKI-LAKI,60+ TAHUN,0,ORANG,2021
32792021,32,JAWA BARAT,3279,KOTA BANJAR,PEREMPUAN,0-5 TAHUN,0,ORANG,2021
32792021,32,JAWA BARAT,3279,KOTA BANJAR,PEREMPUAN,6-12 TAHUN,1,ORANG,2021
32792021,32,JAWA BARAT,3279,KOTA BANJAR,PEREMPUAN,13-17 TAHUN,0,ORANG,2021
32792021,32,JAWA BARAT,3279,KOTA BANJAR,PEREMPUAN,18-24 TAHUN,0,ORANG,2021
32792021,32,JAWA BARAT,3279,KOTA BANJAR,PEREMPUAN,25-44 TAHUN,0,ORANG,2021
32792021,32,JAWA BARAT,3279,KOTA BANJAR,PEREMPUAN,45-59 TAHUN,0,ORANG,2021
32792021,32,JAWA BARAT,3279,KOTA BANJAR,PEREMPUAN,60+ TAHUN,0,ORANG,2021
